board	qty	references	value	footprint
dual_ears	2	C1, C2	22u	Capacitor_SMD:C_1206_3216Metric_Pad1.33x1.80mm_HandSolder
dual_ears	2	C3, C7	22p	Capacitor_SMD:C_0603_1608Metric_Pad1.05x0.95mm_HandSolder
dual_ears	6	C4, C5, C15, C17, C24, C25	4.7u	Capacitor_SMD:C_0603_1608Metric_Pad1.05x0.95mm_HandSolder
dual_ears	4	C6, C18, C26, C28	68p	Capacitor_SMD:C_0603_1608Metric_Pad1.05x0.95mm_HandSolder
dual_ears	10	C8, C9, C10, C11, C14, C16, C19, C20, C23, C30	100n	Capacitor_SMD:C_0603_1608Metric_Pad1.05x0.95mm_HandSolder
dual_ears	4	C12, C13, C22, C29	1u	Capacitor_SMD:C_0603_1608Metric_Pad1.05x0.95mm_HandSolder
dual_ears	2	C21, C27	1.0n	Capacitor_SMD:C_0603_1608Metric_Pad1.05x0.95mm_HandSolder
dual_ears	2	D1, D2	PMEG2010AEB	Diode_SMD:D_SOD-323_HandSoldering
dual_ears	10	D3, D5, D6, D7, D8, D9, D11, D12, D13, D14	1N4148	Diode_SMD:D_SOD-323_HandSoldering
dual_ears	2	D4, D10	DNP	Eigenes:D_SOT-23
dual_ears	2	IC1, IC4	OPA1641	Package_SO:VSSOP-8_3.0x3.0mm_P0.65mm
dual_ears	4	IC2, IC3, IC5, IC6	LM324PW	Package_SO:TSSOP-14_4.4x5mm_P0.65mm
dual_ears	4	J1, J2, J5, J6	Audio-Jack-2_Switch	Eigenes:Thonkicon
dual_ears	4	J3, J4, J7, J8	Audio-Jack-2_Switch	Eigenes:Thonkicon_noGND
dual_ears	1	JP1	M05X2PTH	Eigenes:Multicomp_MC9A12-1034_2x05x2.54mm_Straight
dual_ears	2	L1, L2	WE-CBF_0603	Inductor_SMD:L_0603_1608Metric
dual_ears	2	LED1, LED4	WP710A10SEC/J3	LED_THT:LED_D3.0mm
dual_ears	2	LED2, LED6	AOL-3MWY4	LED_THT:LED_D3.0mm
dual_ears	2	LED3, LED5	WP710A10SEC/J4	LED_THT:LED_D3.0mm
dual_ears	8	R1, R13, R15, R26, R28, R38, R46, R54	510	Resistor_SMD:R_0603_1608Metric_Pad0.98x0.95mm_HandSolder
dual_ears	4	R2, R4, R35, R42	1.0M	Resistor_SMD:R_0603_1608Metric_Pad0.98x0.95mm_HandSolder
dual_ears	10	R3, R7, R11, R12, R18, R19, R25, R31, R44, R49	10k	Resistor_SMD:R_0603_1608Metric_Pad0.98x0.95mm_HandSolder
dual_ears	4	R5, R10, R32, R45	20k	Resistor_SMD:R_0603_1608Metric_Pad0.98x0.95mm_HandSolder
dual_ears	10	R6, R8, R9, R20, R27, R29, R30, R37, R47, R51	100k	Resistor_SMD:R_0603_1608Metric_Pad0.98x0.95mm_HandSolder
dual_ears	2	R14, R56	15k	Resistor_SMD:R_0603_1608Metric_Pad0.98x0.95mm_HandSolder
dual_ears	16	R16, R17, R21, R22, R24, R33, R34, R36, R39, R40, R41, R48, R50, R52, R53, R55	200k	Resistor_SMD:R_0603_1608Metric_Pad0.98x0.95mm_HandSolder
dual_ears	2	R23, R43	2k7	Resistor_SMD:R_0603_1608Metric_Pad0.98x0.95mm_HandSolder
dual_ears	2	RV1, RV2	50kB	Eigenes:Potentiometer_Alps_RK09K_Horizontal
