# BOMs a filename rule cannot find: BOM tables inside other documents, and iBOMs hosted off GitHub but linked from the repo.
# d 2026-09-28 00:49 (Free Modular Logic: BOM in assembly_instructions.md + freemodular.org iBOMs); the other Free Modular rows carry the same evidence.
id	url	kind	basis
p432	https://github.com/QuinnFreedman/modular/blob/main/modules/Clock/docs/assembly_instructions.md	md	BOM table (26 table lines) in modules/Clock/docs/assembly_instructions.md
p432	https://files.freemodular.org/Clock/clock_front_pcb_interactive_bom.html	ibom (front)	linked from modules/Clock/docs/assembly_instructions.md as https://quinnfreedman.github.io/fm-artifacts/Clock/clock_front_pcb_interactive_bom.html (302 -> files.freemodular.org, checked 2026-09-28; d gave the files.freemodular.org address)
p432	https://files.freemodular.org/Clock/clock_back_pcb_interactive_bom.html	ibom (back)	linked from modules/Clock/docs/assembly_instructions.md as https://quinnfreedman.github.io/fm-artifacts/Clock/clock_back_pcb_interactive_bom.html (302 -> files.freemodular.org, checked 2026-09-28; d gave the files.freemodular.org address)
p433	https://github.com/QuinnFreedman/modular/blob/main/modules/Envelope/docs/assembly_instructions.md	md	BOM table (27 table lines) in modules/Envelope/docs/assembly_instructions.md
p433	https://files.freemodular.org/Envelope/envelope_pcb_front_interactive_bom.html	ibom (front)	linked from modules/Envelope/docs/assembly_instructions.md as https://quinnfreedman.github.io/fm-artifacts/Envelope/envelope_pcb_front_interactive_bom.html (302 -> files.freemodular.org, checked 2026-09-28; d gave the files.freemodular.org address)
p433	https://files.freemodular.org/Envelope/envelope_pcb_back_interactive_bom.html	ibom (back)	linked from modules/Envelope/docs/assembly_instructions.md as https://quinnfreedman.github.io/fm-artifacts/Envelope/envelope_pcb_back_interactive_bom.html (302 -> files.freemodular.org, checked 2026-09-28; d gave the files.freemodular.org address)
p434	https://github.com/QuinnFreedman/modular/blob/main/modules/Logic/docs/assembly_instructions.md	md	BOM table (20 table lines) in modules/Logic/docs/assembly_instructions.md
p434	https://files.freemodular.org/Logic/logic_pcb_front_interactive_bom.html	ibom (front)	linked from modules/Logic/docs/assembly_instructions.md as https://quinnfreedman.github.io/fm-artifacts/Logic/logic_pcb_front_interactive_bom.html (302 -> files.freemodular.org, checked 2026-09-28; d gave the files.freemodular.org address)
p434	https://files.freemodular.org/Logic/logic_pcb_back_interactive_bom.html	ibom (back)	linked from modules/Logic/docs/assembly_instructions.md as https://quinnfreedman.github.io/fm-artifacts/Logic/logic_pcb_back_interactive_bom.html (302 -> files.freemodular.org, checked 2026-09-28; d gave the files.freemodular.org address)
p435	https://github.com/QuinnFreedman/modular/blob/main/modules/Mixer/docs/assembly_instructions.md	md	BOM table (15 table lines) in modules/Mixer/docs/assembly_instructions.md
p435	https://files.freemodular.org/Mixer/mixer_pcb_interactive_bom.html	ibom	linked from modules/Mixer/docs/assembly_instructions.md as https://quinnfreedman.github.io/fm-artifacts/Mixer/mixer_pcb_interactive_bom.html (302 -> files.freemodular.org, checked 2026-09-28; d gave the files.freemodular.org address)
p436	https://github.com/QuinnFreedman/modular/blob/main/modules/OffsetAtten/docs/assembly_instructions.md	md	BOM table (16 table lines) in modules/OffsetAtten/docs/assembly_instructions.md
p436	https://files.freemodular.org/OffsetAtten/offset_atten_pcb_front_interactive_bom.html	ibom (front)	linked from modules/OffsetAtten/docs/assembly_instructions.md as https://quinnfreedman.github.io/fm-artifacts/OffsetAtten/offset_atten_pcb_front_interactive_bom.html (302 -> files.freemodular.org, checked 2026-09-28; d gave the files.freemodular.org address)
p436	https://files.freemodular.org/OffsetAtten/offset_atten_pcb_back_interactive_bom.html	ibom (back)	linked from modules/OffsetAtten/docs/assembly_instructions.md as https://quinnfreedman.github.io/fm-artifacts/OffsetAtten/offset_atten_pcb_back_interactive_bom.html (302 -> files.freemodular.org, checked 2026-09-28; d gave the files.freemodular.org address)
p437	https://github.com/QuinnFreedman/modular/blob/main/modules/Quantizer/docs/assembly_instructions.md	md	BOM table (23 table lines) in modules/Quantizer/docs/assembly_instructions.md
p437	https://files.freemodular.org/Quantizer/quantizer_pcb_front_interactive_bom.html	ibom (front)	linked from modules/Quantizer/docs/assembly_instructions.md as https://quinnfreedman.github.io/fm-artifacts/Quantizer/quantizer_pcb_front_interactive_bom.html (302 -> files.freemodular.org, checked 2026-09-28; d gave the files.freemodular.org address)
p437	https://files.freemodular.org/Quantizer/quantizer_pcb_back_interactive_bom.html	ibom (back)	linked from modules/Quantizer/docs/assembly_instructions.md as https://quinnfreedman.github.io/fm-artifacts/Quantizer/quantizer_pcb_back_interactive_bom.html (302 -> files.freemodular.org, checked 2026-09-28; d gave the files.freemodular.org address)
p438	https://github.com/QuinnFreedman/modular/blob/main/modules/RNG/docs/assembly_instructions.md	md	BOM table (26 table lines) in modules/RNG/docs/assembly_instructions.md
p438	https://files.freemodular.org/RNG/rng_pcb_front_interactive_bom.html	ibom (front)	linked from modules/RNG/docs/assembly_instructions.md as https://quinnfreedman.github.io/fm-artifacts/RNG/rng_pcb_front_interactive_bom.html (302 -> files.freemodular.org, checked 2026-09-28; d gave the files.freemodular.org address)
p438	https://files.freemodular.org/RNG/rng_pcb_back_interactive_bom.html	ibom (back)	linked from modules/RNG/docs/assembly_instructions.md as https://quinnfreedman.github.io/fm-artifacts/RNG/rng_pcb_back_interactive_bom.html (302 -> files.freemodular.org, checked 2026-09-28; d gave the files.freemodular.org address)
p769	https://github.com/QuinnFreedman/modular/blob/main/modules/Biodata/docs/assembly_instructions.md	md	BOM table (27 table lines) in modules/Biodata/docs/assembly_instructions.md
p769	https://files.freemodular.org/Biodata/biodata_pcb_front_interactive_bom.html	ibom (front)	linked from modules/Biodata/docs/assembly_instructions.md as https://quinnfreedman.github.io/fm-artifacts/Biodata/biodata_pcb_front_interactive_bom.html (302 -> files.freemodular.org, checked 2026-09-28; d gave the files.freemodular.org address)
p769	https://files.freemodular.org/Biodata/biodata_pcb_back_interactive_bom.html	ibom (back)	linked from modules/Biodata/docs/assembly_instructions.md as https://quinnfreedman.github.io/fm-artifacts/Biodata/biodata_pcb_back_interactive_bom.html (302 -> files.freemodular.org, checked 2026-09-28; d gave the files.freemodular.org address)
p770	https://github.com/QuinnFreedman/modular/blob/main/modules/Boost/docs/assembly_instructions.md	md	BOM table (23 table lines) in modules/Boost/docs/assembly_instructions.md
p770	https://files.freemodular.org/Boost/boost_pcb_interactive_bom.html	ibom	linked from modules/Boost/docs/assembly_instructions.md as https://quinnfreedman.github.io/fm-artifacts/Boost/boost_pcb_interactive_bom.html (302 -> files.freemodular.org, checked 2026-09-28; d gave the files.freemodular.org address)
p771	https://github.com/QuinnFreedman/modular/blob/main/modules/Drift/docs/assembly_instructions.md	md	BOM table (20 table lines) in modules/Drift/docs/assembly_instructions.md
p771	https://files.freemodular.org/Drift/drift_pcb_front_interactive_bom.html	ibom (front)	linked from modules/Drift/docs/assembly_instructions.md as https://quinnfreedman.github.io/fm-artifacts/Drift/drift_pcb_front_interactive_bom.html (302 -> files.freemodular.org, checked 2026-09-28; d gave the files.freemodular.org address)
p771	https://files.freemodular.org/Drift/drift_pcb_back_interactive_bom.html	ibom (back)	linked from modules/Drift/docs/assembly_instructions.md as https://quinnfreedman.github.io/fm-artifacts/Drift/drift_pcb_back_interactive_bom.html (302 -> files.freemodular.org, checked 2026-09-28; d gave the files.freemodular.org address)
p257	http://neutron-sound.com/Dust_of_Time/iBOM/DoT_DIY_1.html	ibom	README.md "iBom:" (maker site, http only; d 2026-09-28 05:33)
p257	https://docs.google.com/spreadsheets/d/17djLz1EoS_psm07unBG9bsfwifHIKXat84gAcTS3g00/edit#gid=100086201	Google Sheet	README.md "Sheets BOM." (d 2026-09-28 05:33)
p489	https://github.com/hires/Dintree/blob/master/D100-Quad_VCA/D100-quad_VCA-parts.pdf	PDF	D100-Quad_VCA/D100-quad_VCA-parts.pdf: 1-page 'Parts List' (identifier, value, physical detail, qty) - checked with pdftotext 2026-09-28 (d 06:23: the BOM rule misses '-parts.pdf')
p490	https://github.com/hires/Dintree/blob/master/D101-Dual_Envelope/D101-dual_envelope-parts.pdf	PDF	D101-Dual_Envelope/D101-dual_envelope-parts.pdf: 1-page 'Parts List' (identifier, value, physical detail, qty) - checked with pdftotext 2026-09-28 (d 06:23: the BOM rule misses '-parts.pdf')
p491	https://github.com/hires/Dintree/blob/master/D102-Output_Mixer/D102-output_mixer-parts.pdf	PDF	D102-Output_Mixer/D102-output_mixer-parts.pdf: 1-page 'Parts List' (identifier, value, physical detail, qty) - checked with pdftotext 2026-09-28 (d 06:23: the BOM rule misses '-parts.pdf')
p492	https://github.com/hires/Dintree/blob/master/D103-Reverb_Delay/D103-reverb_delay-parts.pdf	PDF	D103-Reverb_Delay/D103-reverb_delay-parts.pdf: 1-page 'Parts List' (identifier, value, physical detail, qty) - checked with pdftotext 2026-09-28 (d 06:23: the BOM rule misses '-parts.pdf')
p493	https://github.com/hires/Dintree/blob/master/D104-Four_Vs/D104-four_voltages-parts.pdf	PDF	D104-Four_Vs/D104-four_voltages-parts.pdf: 1-page 'Parts List' (identifier, value, physical detail, qty) - checked with pdftotext 2026-09-28 (d 06:23: the BOM rule misses '-parts.pdf')
p494	https://github.com/hires/Dintree/blob/master/D105-Quad_CV_Proc/D105-quad_CV_proc-parts.pdf	PDF	D105-Quad_CV_Proc/D105-quad_CV_proc-parts.pdf: 1-page 'Parts List' (identifier, value, physical detail, qty) - checked with pdftotext 2026-09-28 (d 06:23: the BOM rule misses '-parts.pdf')
p495	https://github.com/hires/Dintree/blob/master/D106-Step_Sequencer/D106-step_sequencer-parts.pdf	PDF	D106-Step_Sequencer/D106-step_sequencer-parts.pdf: 1-page 'Parts List' (identifier, value, physical detail, qty) - checked with pdftotext 2026-09-28 (d 06:23: the BOM rule misses '-parts.pdf')
p496	https://github.com/hires/Dintree/blob/master/D107-Slew/D107-dual_slew-parts.pdf	PDF	D107-Slew/D107-dual_slew-parts.pdf: 1-page 'Parts List' (identifier, value, physical detail, qty) - checked with pdftotext 2026-09-28 (d 06:23: the BOM rule misses '-parts.pdf')
p497	https://github.com/hires/Dintree/blob/master/D112-Power_Supply/D112-power_supply-parts.pdf	PDF	D112-Power_Supply/D112-power_supply-parts.pdf: 1-page 'Parts List' (identifier, value, physical detail, qty) - checked with pdftotext 2026-09-28 (d 06:23: the BOM rule misses '-parts.pdf')
p498	https://github.com/hires/Dintree/blob/master/DSupply-Power_Supply/DSUPPLY-power_supply-PCB-parts-verB.pdf	PDF	DSupply-Power_Supply/DSUPPLY-power_supply-PCB-parts-verB.pdf: 1-page 'Parts List' (identifier, value, physical detail, qty) - checked with pdftotext 2026-09-28 (d 06:23: the BOM rule misses '-parts.pdf')
