repo	module_scope	components	comp_basis	comp_conf	detector_version
16n-faderbank/16nx	.	SMD	kicad footprints (files=1: 16nx.kicad_pcb): smd=112 tht_passive=0 tht_to=0 tht_ic=0 (panel excluded) smd_ic=6	Strong	18
4ms/DLD	.		no .kicad_pcb, EasyEDA JSON, Eagle .brd or machine-readable BOM in scope	Deferred	18
4ms/SMR	.	both	eagle packages (files=1: smrf-v1.0.1b.brd): smd=343 tht_passive=8 tht_to=0 tht_ic=0 (panel excluded) smd_ic=31	Strong	18
508-loop-detected/bounce-sequencer	.	both	BOM (files=3: fixed-BOM_bounce-sequencer-io-v3-pushbuttons.csv, fixed-BOM_bounce-sequencer-io-v4-toggles.csv, fixed-BOM_bounce-sequencer-v2-mainboard.csv): smd=94 tht_passive=6 tht_to=3 tht_ic=0 (panel excluded) smd_ic=16	Stated	18
508-loop-detected/burst	.	SMD	BOM [superseded, not counted: BOM_PCB_burst-back-v1.0_2022-12-26.csv, BOM_PCB_burst-front-v1.0_2022-12-26.csv] (files=2: fixed-BOM_PCB_burst-back-v1.0_2022-12-26.csv, fixed-BOM_PCB_burst-front-v1.0_2022-12-26.csv): smd=85 tht_passive=0 tht_to=0 tht_ic=0 (panel excluded) smd_ic=10	Stated	18
508-loop-detected/minibounce	.	SMD	BOM [superseded, not counted: BOM_bounce-mini-back-1_2021-10-07.csv, BOM_bounce-mini-daughtercard_2021-10-07.csv, BOM_bounce-mini-io_2021-10-07.csv] (files=3: fixed-BOM_bounce-mini-back-1_2021-10-07.csv, fixed-BOM_bounce-mini-daughtercard_2021-10-07.csv, fixed-BOM_bounce-mini-io_2021-10-07.csv): smd=76 tht_passive=0 tht_to=1 tht_ic=0 (panel excluded) smd_ic=14	Stated	18
508-loop-detected/nverb	.	both	BOM (files=1: BOM_nverb-eurorack_2021-05-06.csv): smd=198 tht_passive=12 tht_to=0 tht_ic=0 (panel excluded) smd_ic=13	Stated	18
508-loop-detected/quant	.	SMD	BOM [superseded, not counted: BOM_PCB_circuitpython-quantizer-main-new-w-rp2040-v2_2024-01-04.csv, BOM_circuitpython-quantizer-io-v2.1_2024-02-04.csv, BOM_circuitpython-quantizer-io-v2_2024-01-11.csv] (files=2: fixed-BOM_PCB_circuitpython-quantizer-main-new-w-rp2040-v2_2024-01-04.csv, fixed-BOM_circuitpython-quantizer-io-v2.1_2024-02-04.csv): smd=69 tht_passive=0 tht_to=0 tht_ic=0 (panel excluded) smd_ic=3	Stated	18
abluenautilus/Tap-O-Matic-DDV	.	THT	kicad footprints (files=1: Tap-O-Matic.kicad_pcb): smd=0 tht_passive=14 tht_to=0 tht_ic=4 (panel excluded) smd_ic=0	Strong	18
Allen-Synthesis/Kompari	.	THT	kicad footprints (files=1: kompari.kicad_pcb): smd=0 tht_passive=0 tht_to=0 tht_ic=1 (panel excluded) smd_ic=0	Strong	18
atoav/TH-VCO1	.	THT	eagle packages (files=3: vco1_components.brd, vco1_panel.brd, vco1_pots.brd): smd=0 tht_passive=60 tht_to=2 tht_ic=5 (panel excluded) smd_ic=0	Strong	18
AudioMorphology/Europi	.	both	kicad footprints (files=8: europi_main.kicad_pcb, europi_main_frontpanel.kicad_pcb, europi_main_frontpanel.kicad_pcb, europi_main_v2.kicad_pcb, midi_minion.kicad_pcb, midi_minion_frontpanel.kicad_pcb, minion.kicad_pcb, minion_frontpanel.kicad_pcb): smd=76 tht_passive=20 tht_to=1 tht_ic=1 (panel excluded) smd_ic=10	Strong	18
AudioMorphology/waft	.	SMD	kicad footprints (files=2: waft.kicad_pcb, waft_frontpanel.kicad_pcb): smd=34 tht_passive=4 tht_to=0 tht_ic=0 (panel excluded) smd_ic=2	Strong	18
backtail/6hp-psu	KiCad_Project	SMD	kicad footprints (files=1: usb-pd-15v-3a.kicad_pcb): smd=54 tht_passive=0 tht_to=0 tht_ic=0 (panel excluded) smd_ic=0	Strong	18
backtail/mHz-oscillator	KiCad_Project	SMD	kicad footprints (files=1: mHz_oscillator.kicad_pcb): smd=89 tht_passive=0 tht_to=0 tht_ic=0 (panel excluded) smd_ic=8	Strong	18
backtail/strg-m	KiCad_Project	SMD	kicad footprints (files=1: strg+m.kicad_pcb): smd=14 tht_passive=0 tht_to=0 tht_ic=0 (panel excluded) smd_ic=1	Strong	18
BastianSPCTRL/COEUR	.		no .kicad_pcb, EasyEDA JSON, Eagle .brd or machine-readable BOM in scope	Deferred	18
bastl-instruments/bastlSchematics	.	SMD	eagle packages (files=4: connector2.brd, hendrikson_1_1.brd, knitRider_T_1_4_redukce led.brd, knitRider_exp_1_1.brd): smd=211 tht_passive=0 tht_to=0 tht_ic=0 (panel excluded) smd_ic=22	Strong	18
bastl-instruments/citadel	.		1 .kicad_pcb fetched but held no footprints (LFS stub or empty board?): citadel-panel-template.brd (not XML or no elements, 49699 bytes)	Deferred	18
belllabsynth/Slew-Limiter	.	THT	kicad footprints (files=2: Slew Limiter Board.kicad_pcb, Slew Limiter Front Panel.kicad_pcb): smd=0 tht_passive=14 tht_to=0 tht_ic=1 (panel excluded) smd_ic=0	Strong	18
beLow-Industries/mod-mosfet	.		no .kicad_pcb, EasyEDA JSON, Eagle .brd or machine-readable BOM in scope	Deferred	18
bmoren/attenuated-nearness	.	SMD	kicad footprints (files=2: nearness_att_panel.kicad_pcb, nearness.kicad_pcb): smd=36 tht_passive=0 tht_to=0 tht_ic=0 (panel excluded) smd_ic=2	Strong	18
breakfastelectroacoustics/basic-bipolar-input-eurorack-power-supply	.	THT	kicad footprints (files=1: basic-bipolar-input-eurorack-power-supply.kicad_pcb): smd=0 tht_passive=21 tht_to=3 tht_ic=0 (panel excluded) smd_ic=0	Strong	18
breakfastelectroacoustics/basic-eurorack-power-supply	.	THT	kicad footprints (files=1: basic-eurorack-power-supply.kicad_pcb): smd=0 tht_passive=13 tht_to=3 tht_ic=0 (panel excluded) smd_ic=0	Strong	18
butchwarns/Eurorack_Bus_Board	.	THT	kicad footprints (files=1: Bus_Board.kicad_pcb): smd=0 tht_passive=6 tht_to=0 tht_ic=0 (panel excluded) smd_ic=0	Strong	18
caseyjholmes/ADSR	.	SMD	kicad footprints (files=2: ADSR-Panel.kicad_pcb, ADSR.kicad_pcb): smd=35 tht_passive=0 tht_to=0 tht_ic=0 (panel excluded) smd_ic=2	Strong	18
caseyjholmes/ATMX	.		eagle packages (files=1: passive attenumixer.brd): smd=0 tht_passive=0 tht_to=0 tht_ic=0 (panel excluded) smd_ic=0	Deferred	18
caseyjholmes/HMLFO	.	SMD	eagle packages (files=1: HMLFO.brd): smd=14 tht_passive=1 tht_to=0 tht_ic=0 (panel excluded) smd_ic=3	Strong	18
caseyjholmes/HMPLPGVCA	.	SMD	eagle packages (files=1: HMLPGVCA.brd): smd=3 tht_passive=2 tht_to=0 tht_ic=0 (panel excluded) smd_ic=0	Strong	18
caseyjholmes/MMPV3	.	SMD	eagle packages (files=1: PANS.brd): smd=44 tht_passive=5 tht_to=0 tht_ic=0 (panel excluded) smd_ic=3	Strong	18
cctvfm/cascadence	.	SMD	eagle packages (files=1: cascadence11.brd): smd=28 tht_passive=1 tht_to=0 tht_ic=0 (panel excluded) smd_ic=4	Strong	18
cctvfm/quadtec101	.	THT	eagle packages (files=1: neuztech-4.brd): smd=0 tht_passive=49 tht_to=1 tht_ic=5 (panel excluded) smd_ic=0	Strong	18
chairaudio/ILSE	.	THT	kicad footprints (files=3: frontpanel.kicad_pcb, ilse.kicad_pcb, ilseREV2.kicad_pcb): smd=0 tht_passive=49 tht_to=12 tht_ic=4 (panel excluded) smd_ic=0	Strong	18
charonme/heptaphasis	.	SMD	eagle packages (files=1: heptaphasis.brd): smd=96 tht_passive=5 tht_to=0 tht_ic=0 (panel excluded) smd_ic=13	Strong	18
cob333/Eurorack_PD_USB	.		no .kicad_pcb, EasyEDA JSON, Eagle .brd or machine-readable BOM in scope	Deferred	18
coredon17/Octofex	GIT	both	kicad footprints (files=1: FV1 V3.kicad_pcb): smd=85 tht_passive=10 tht_to=2 tht_ic=1 (panel excluded) smd_ic=6	Strong	18
crowselectromusic/HEAR	.	SMD	kicad footprints (files=2: HEAR.kicad_pcb, _autosave-nearness.kicad_pcb): smd=82 tht_passive=2 tht_to=0 tht_ic=0 (panel excluded) smd_ic=4	Strong	18
cslammy/CP3	.	THT	BOM (files=1: BOM.txt): smd=0 tht_passive=0 tht_to=5 tht_ic=0 (panel excluded) smd_ic=0	Stated	18
ctag-fh-kiel/ctag-straempler	hardware/antumbra	SMD	eagle packages (files=2: strampler_panel_v2_2.brd, Strampler_redesign_v2_2.brd): smd=141 tht_passive=2 tht_to=0 tht_ic=0 (panel excluded) smd_ic=13	Strong	18
DatanoiseTV/USB-C-Eurorack-PSU	.	SMD	easyeda pcb json [unclassified: DFN-8_L3.0-W3.0-P0.65-BLx1 DO-214AC_L4.3-W2.7-LS5.3-RDx3 WPAD-1-PTH-POGOx1] (files=1: 1-PCB_padfix.json): smd=38 tht_passive=0 tht_to=0 tht_ic=0 (panel excluded) smd_ic=0	Strong	18
dchwebb/Ampelope	.	SMD	kicad footprints (files=4: Ampelope_Adapter.kicad_pcb, Ampelope_Components.kicad_pcb, Ampelope_Controls.kicad_pcb, Ampelope_Panel.kicad_pcb): smd=105 tht_passive=0 tht_to=0 tht_ic=0 (panel excluded) smd_ic=5	Strong	18
DenBelmans/Eurorack-Dual-VCA	.	THT	kicad footprints (files=3: VCAbottom.kicad_pcb, VCApanel.kicad_pcb, VCAtop.kicad_pcb): smd=0 tht_passive=46 tht_to=2 tht_ic=3 (panel excluded) smd_ic=0	Strong	18
DIYSynthMNL/Eurorack-PT2399-Delay	.		1 .kicad_pcb fetched but held no footprints (LFS stub or empty board?): Eurorack-PT2399-Delay.kicad_pcb (51 bytes)	Deferred	18
drahosj/VCO-1	.	both	kicad footprints (files=1: VCO-1.kicad_pcb): smd=43 tht_passive=8 tht_to=0 tht_ic=0 (panel excluded) smd_ic=5	Strong	18
DrJ3RK/DrJ3RK	.		BOM (files=1: BOMs/BOMs.txt): smd=0 tht_passive=0 tht_to=0 tht_ic=0 (panel excluded) smd_ic=0	Deferred	18
fablabnk/EuroTubeScreamer	EuroTubeScreamer		no .kicad_pcb, EasyEDA JSON, Eagle .brd or machine-readable BOM in scope	Deferred	18
fablabnk/HeadPho	.	THT	kicad footprints (files=2: Headpho.kicad_pcb, Headpho_Panel.kicad_pcb): smd=0 tht_passive=28 tht_to=0 tht_ic=4 (panel excluded) smd_ic=0	Strong	18
fancyyyyy/kid	.	SMD	eagle packages (files=1: kid-v2.brd): smd=81 tht_passive=2 tht_to=0 tht_ic=0 (panel excluded) smd_ic=10	Strong	18
Fihdi/BIPO	.	SMD	kicad footprints (files=1: BIPOv3.kicad_pcb): smd=57 tht_passive=0 tht_to=0 tht_ic=0 (panel excluded) smd_ic=4	Strong	18
Fihdi/DICE	.	SMD	kicad footprints (files=1: DICE.kicad_pcb): smd=71 tht_passive=0 tht_to=0 tht_ic=0 (panel excluded) smd_ic=4	Strong	18
Fihdi/SCULPT	.	SMD	kicad footprints (files=1: SimpleADSR.kicad_pcb): smd=52 tht_passive=0 tht_to=0 tht_ic=0 (panel excluded) smd_ic=3	Strong	18
Fihdi/SVF12	.	SMD	kicad footprints (files=1: VCFSMD.kicad_pcb): smd=68 tht_passive=0 tht_to=0 tht_ic=0 (panel excluded) smd_ic=4	Strong	18
Fihdi/UNO	.	SMD	kicad footprints (files=1: UNO.kicad_pcb): smd=70 tht_passive=0 tht_to=0 tht_ic=0 (panel excluded) smd_ic=5	Strong	18
Fihdi/VCAR	.	SMD	kicad footprints (files=1: VCARSMD.kicad_pcb): smd=53 tht_passive=0 tht_to=0 tht_ic=0 (panel excluded) smd_ic=3	Strong	18
Floating-Knobs/Cuisine_Hardware	.		no .kicad_pcb, EasyEDA JSON, Eagle .brd or machine-readable BOM in scope	Deferred	18
gerb-ster/Vulcan-DCO	.	THT	eagle packages (files=2: ioboard.brd, mainboard.brd): smd=0 tht_passive=94 tht_to=3 tht_ic=6 (panel excluded) smd_ic=0	Strong	18
ishkabbible/TAM_V3	.	SMD	kicad footprints (files=3: active_3attMix_v3.kicad_pcb, active_3attMix_panel_v2.kicad_pcb, active_3attMix_panel_v2_1U.kicad_pcb): smd=37 tht_passive=0 tht_to=0 tht_ic=0 (panel excluded) smd_ic=3	Strong	18
jacobbarssbailey/active-multiples	.	SMD	eagle packages (files=2: active-multiples.brd, panel.brd): smd=9 tht_passive=1 tht_to=0 tht_ic=0 (panel excluded) smd_ic=3	Strong	18
jakplugg/Neutron-Sound-Dust-of-Time	.		no .kicad_pcb, EasyEDA JSON, Eagle .brd or machine-readable BOM in scope	Deferred	18
jakplugg/Neutron_Sound_build_docs	.		no .kicad_pcb, EasyEDA JSON, Eagle .brd or machine-readable BOM in scope	Deferred	18
jeanpri/303	.	SMD	kicad footprints (files=2: 303.kicad_pcb, Faceplate303.kicad_pcb): smd=114 tht_passive=0 tht_to=0 tht_ic=0 (panel excluded) smd_ic=5	Strong	18
jortigoso/output_1	.		no .kicad_pcb, EasyEDA JSON, Eagle .brd or machine-readable BOM in scope	Deferred	18
josbouten/Fold-O-Matic	.		1 .kicad_pcb fetched but held no footprints (LFS stub or empty board?): wavefolder_Dan_A.kicad_pcb (51 bytes)	Deferred	18
josbouten/Ratchet-O-Matic	.		no .kicad_pcb, EasyEDA JSON, Eagle .brd or machine-readable BOM in scope	Deferred	18
josbouten/Stomp-Box-Adapt-O-Matic	.		no .kicad_pcb, EasyEDA JSON, Eagle .brd or machine-readable BOM in scope	Deferred	18
kraakenstuff/ADSR	.	SMD	kicad footprints (files=2: ADSR-Panel.kicad_pcb, ADSR.kicad_pcb): smd=35 tht_passive=0 tht_to=0 tht_ic=0 (panel excluded) smd_ic=2	Strong	18
kraakenstuff/PSU	.	THT	kicad footprints (files=2: PSU - Filter.kicad_pcb, PSU - Transformer.kicad_pcb): smd=0 tht_passive=20 tht_to=2 tht_ic=0 (panel excluded) smd_ic=0	Strong	18
kraakenstuff/PSU-1.5A	.	THT	kicad footprints (files=2: PSU - 1.5A.kicad_pcb, PowerBus.kicad_pcb): smd=0 tht_passive=6 tht_to=0 tht_ic=0 (panel excluded) smd_ic=0	Strong	18
kraakenstuff/Skis	.	SMD	kicad footprints (files=2: Skis - panel.kicad_pcb, Skis.kicad_pcb): smd=73 tht_passive=0 tht_to=0 tht_ic=0 (panel excluded) smd_ic=3	Strong	18
kstammits/Shady	.	THT	kicad footprints (files=1: Shady.kicad_pcb): smd=0 tht_passive=42 tht_to=1 tht_ic=3 (panel excluded) smd_ic=0	Strong	18
kweiwen/benjolin	.		no .kicad_pcb, EasyEDA JSON, Eagle .brd or machine-readable BOM in scope	Deferred	18
L71/small_projects	.	both	eagle packages (files=12: 4xjacks_breakout.brd, CS4354_breakout.brd, Euro5VDCDC.brd, Eurorack_breadboard_PSU_ad.brd, Eurorack_current_measure_PCB.brd, Eurorack_mini_psu.brd, Eurorack_passive_dist.brd, PassiveLPG.brd, TL2285_labpcb.brd, tact_sw_breakout.brd, touchpad_brk.brd, usb_dcdc_12v_power.brd): smd=13 tht_passive=76 tht_to=1 tht_ic=1 (panel excluded) smd_ic=1	Strong	18
L71/VCLFO	.	both	eagle packages (files=2: VCLFO_th.brd, VCLFO_th_2.brd): smd=1 tht_passive=55 tht_to=2 tht_ic=5 (panel excluded) smd_ic=0	Strong	18
lipsumar/just-between-us	.		no .kicad_pcb, EasyEDA JSON, Eagle .brd or machine-readable BOM in scope	Deferred	18
LjungrennAudio/ryomodular-com-2xvcx	.		no .kicad_pcb, EasyEDA JSON, Eagle .brd or machine-readable BOM in scope	Deferred	18
LjungrennAudio/ryomodular-com-xnor-not	.		no .kicad_pcb, EasyEDA JSON, Eagle .brd or machine-readable BOM in scope	Deferred	18
loglow/uBraids_SE	.	SMD	eagle packages (files=4: uBraids_SE_Assembly_Template.brd, uBraids_SE_Display_Module.brd, uBraids_SE_Front_Panel.brd, uBraids_SE_Main_Board.brd): smd=111 tht_passive=4 tht_to=0 tht_ic=0 (panel excluded) smd_ic=14	Strong	18
loglow/uClouds_SE	.	both	eagle packages (files=5: uClouds_SE_Assembly_Template.brd, uClouds_SE_Button_Shim.brd, uClouds_SE_Control_Board.brd, uClouds_SE_Front_Panel.brd, uClouds_SE_Main_Board.brd): smd=125 tht_passive=14 tht_to=0 tht_ic=0 (panel excluded) smd_ic=9	Strong	18
loglow/uo_C_SE	.	SMD	eagle packages (files=4: uo_C_SE_Assembly_Template.brd, uo_C_SE_Display_Module.brd, uo_C_SE_Front_Panel.brd, uo_C_SE_Main_Board.brd): smd=104 tht_passive=3 tht_to=0 tht_ic=0 (panel excluded) smd_ic=9	Strong	18
loglow/uPlaits_SE	.	both	eagle packages (files=4: uPlaits_SE_Assembly_Template.brd, uPlaits_SE_Control_Board.brd, uPlaits_SE_Front_Panel.brd, uPlaits_SE_Main_Board.brd): smd=122 tht_passive=16 tht_to=0 tht_ic=0 (panel excluded) smd_ic=7	Strong	18
loglow/uRings_SE	.	SMD	eagle packages (files=4: uRings_SE_Assembly_Template.brd, uRings_SE_Control_Board.brd, uRings_SE_Front_Panel.brd, uRings_SE_Main_Board.brd): smd=114 tht_passive=5 tht_to=0 tht_ic=0 (panel excluded) smd_ic=9	Strong	18
lonesoulsurfer/Delay_Modular_Synth	Front Panel Design/Kicad - Ekoplasm Arduino 2/Ekoplasm		no .kicad_pcb, EasyEDA JSON, Eagle .brd or machine-readable BOM in scope	Deferred	18
m0xpd/STRACHEY	.	THT	kicad footprints (files=2: control board.kicad_pcb, main board.kicad_pcb): smd=0 tht_passive=0 tht_to=0 tht_ic=2 (panel excluded) smd_ic=0	Strong	18
M4ngu/Sweet-Sixteen	.	both	eagle packages (files=1: sweet sixteen v24_3.brd): smd=127 tht_passive=4 tht_to=0 tht_ic=1 (panel excluded) smd_ic=9	Strong	18
martinheterjag/v8_engine	.	both	eagle packages (files=1: v8_engine.brd): smd=3 tht_passive=70 tht_to=0 tht_ic=3 (panel excluded) smd_ic=3	Strong	18
mattb/teensy-cv	.	THT	eagle packages (files=1: teensy-cv.brd): smd=0 tht_passive=31 tht_to=1 tht_ic=1 (panel excluded) smd_ic=0	Strong	18
mesotokyo/cheap-power-board	.	SMD	kicad footprints (files=1: PowerBoard.kicad_pcb): smd=14 tht_passive=5 tht_to=1 tht_ic=0 (panel excluded) smd_ic=0	Strong	18
MichiganSynthWorks/Euro-Modules	2HP2CV	SMD	eagle packages (files=1: 2HP2CV.brd): smd=23 tht_passive=2 tht_to=0 tht_ic=0 (panel excluded) smd_ic=1	Strong	18
microresearch/ERD	.		10 .kicad_pcb fetched but held no footprints (LFS stub or empty board?): ERDERD.brd (not XML or no elements, 81238 bytes), ERDSIR.brd (not XML or no elements, 137660 bytes), ERD_reviseforextrajacks_vampire.brd (not XML or no elements, 29108 bytes), ERD_reviseforextrajacks_vampire002.brd (not XML or no elements, 40203 bytes), erdsir_panel.brd (not XML or no elements, 265080 bytes), vampire.brd (not XML or no elements, 518595 bytes), vampire_board.brd (not XML or no elements, 40758 bytes), vampire_board_001.brd (not XML or no elements, 78708 bytes), vampire_panel.brd (not XML or no elements, 269508 bytes), vampire_panel_for_svg.brd (not XML or no elements, 8255 bytes)	Deferred	18
microresearch/gamma	.		3 .kicad_pcb fetched but held no footprints (LFS stub or empty board?): gamma001.brd (not XML or no elements, 228896 bytes), gamma001_revised.brd (not XML or no elements, 228194 bytes), gamma_draft_panel.brd (not XML or no elements, 259993 bytes)	Deferred	18
MidiverseModular/MVM006_LFO	.		no .kicad_pcb, EasyEDA JSON, Eagle .brd or machine-readable BOM in scope	Deferred	18
MidiverseModular/MVM025_DiodeFilter	.		no .kicad_pcb, EasyEDA JSON, Eagle .brd or machine-readable BOM in scope	Deferred	18
minisystem/860	.	SMD	kicad footprints (files=7: 860.kicad_pcb, 860_backplane.kicad_pcb, 860_backplane_2.kicad_pcb, 860_panelized.kicad_pcb, _autosave-860_backplane.kicad_pcb, _autosave-860_panelized.kicad_pcb, no_future.kicad_pcb): smd=1521 tht_passive=0 tht_to=0 tht_ic=0 (panel excluded) smd_ic=91	Strong	18
minisystem/JOVE	.	SMD	kicad footprints (files=1: Jove.kicad_pcb): smd=116 tht_passive=0 tht_to=0 tht_ic=0 (panel excluded) smd_ic=7	Strong	18
minisystem/VXO-PSU	.	SMD	kicad footprints (files=1: VXO_PSU.kicad_pcb): smd=25 tht_passive=1 tht_to=0 tht_ic=0 (panel excluded) smd_ic=0	Strong	18
mohoyt/as3340_vco	.	THT	kicad footprints (files=1: 3340_vco.kicad_pcb): smd=0 tht_passive=46 tht_to=0 tht_ic=2 (panel excluded) smd_ic=0	Strong	18
monome/teletype-hardware	.	SMD	eagle packages (files=2: teletype-180824-no-slots.brd, teletype-180824.brd): smd=274 tht_passive=4 tht_to=2 tht_ic=0 (panel excluded) smd_ic=34	Strong	18
moPsy-project/div	.	both	kicad footprints (files=1: div.kicad_pcb): smd=8 tht_passive=36 tht_to=10 tht_ic=1 (panel excluded) smd_ic=0	Strong	18
mxmxmx/3HP_dual_OA	.	SMD	BOM (files=1: BOM.md): smd=6 tht_passive=0 tht_to=0 tht_ic=0 (panel excluded) smd_ic=1	Stated	18
mxmxmx/CV2Midi	.	SMD	BOM (files=1: hardware/BOM.md): smd=11 tht_passive=0 tht_to=0 tht_ic=0 (panel excluded) smd_ic=2	Stated	18
mxmxmx/terminal_tedium	.	SMD	BOM (files=1: BOM_wm8731.md): smd=13 tht_passive=1 tht_to=0 tht_ic=0 (panel excluded) smd_ic=5	Stated	18
mysticcircuits/ANA2	.		no .kicad_pcb, EasyEDA JSON, Eagle .brd or machine-readable BOM in scope	Deferred	18
mysticcircuits/TREE	.		no .kicad_pcb, EasyEDA JSON, Eagle .brd or machine-readable BOM in scope	Deferred	18
mysticcircuits/Vert	.	both	eagle packages (files=1: the vert annotated.brd): smd=26 tht_passive=12 tht_to=0 tht_ic=5 (panel excluded) smd_ic=3	Strong	18
mzourack/QUAAD	.	SMD	kicad footprints (files=2: QUAAD_V1_1.kicad_pcb, Quaad_panel_V1_1.kicad_pcb): smd=120 tht_passive=0 tht_to=0 tht_ic=0 (panel excluded) smd_ic=11	Strong	18
oamodular/time-machine	.		no .kicad_pcb, EasyEDA JSON, Eagle .brd or machine-readable BOM in scope	Deferred	18
pingdynasty/ClockDelay	.		BOM (files=1: ClockDelayBOM.txt): smd=0 tht_passive=0 tht_to=0 tht_ic=0 (panel excluded) smd_ic=0	Deferred	18
pingdynasty/Tonic	.		no .kicad_pcb, EasyEDA JSON, Eagle .brd or machine-readable BOM in scope	Deferred	18
poetaster/candelabra	.		BOM (files=1: candelabra_bom_csv.csv): smd=0 tht_passive=0 tht_to=0 tht_ic=0 (panel excluded) smd_ic=0	Deferred	18
poetaster/HAGIWO_arduino_oscillator	.	THT	kicad footprints (files=3: panel_design.kicad_pcb, control_pcb.kicad_pcb, main_pcb.kicad_pcb): smd=0 tht_passive=2 tht_to=1 tht_ic=1 (panel excluded) smd_ic=0	Strong	18
poetaster/portcullis	.		BOM (files=1: portcullis_bom_csv.csv): smd=0 tht_passive=0 tht_to=0 tht_ic=0 (panel excluded) smd_ic=0	Deferred	18
polykit/eurorack-psu	.	THT	kicad footprints (files=1: eurorack-psu.kicad_pcb): smd=0 tht_passive=23 tht_to=3 tht_ic=0 (panel excluded) smd_ic=0	Strong	18
polykit/pico-dco	.	both	kicad footprints (files=1: pico-dco.kicad_pcb): smd=1 tht_passive=125 tht_to=7 tht_ic=7 (panel excluded) smd_ic=0	Strong	18
polykit/vco-1	.	both	eagle packages (files=1: vco.brd): smd=1 tht_passive=64 tht_to=3 tht_ic=3 (panel excluded) smd_ic=0	Strong	18
ramphands/Exits	.	SMD	kicad footprints (files=4: _autosave-nearness.kicad_pcb, exits board A.kicad_pcb, exits board B.kicad_pcb, exits.kicad_pcb): smd=138 tht_passive=0 tht_to=0 tht_ic=0 (panel excluded) smd_ic=6	Strong	18
ramphands/LinearPowerBoard	.		no .kicad_pcb, EasyEDA JSON, Eagle .brd or machine-readable BOM in scope	Deferred	18
raphschwarz/Circuit-Abbey-G8-DIY-EDIT	.	both	eagle packages (files=2: G8CntlA (109,5x19).brd, G8MainA (99,5x31).brd): smd=64 tht_passive=13 tht_to=0 tht_ic=0 (panel excluded) smd_ic=12	Strong	18
RebelTechnology/Chronos	.		no .kicad_pcb, EasyEDA JSON, Eagle .brd or machine-readable BOM in scope	Deferred	18
reidevries/optofilter	.	both	eagle packages (files=2: audio.brd, cv.brd): smd=59 tht_passive=12 tht_to=0 tht_ic=0 (panel excluded) smd_ic=6	Strong	18
reidevries/shiitakevm	.	both	eagle packages (files=1: shiitakevmctl.brd): smd=21 tht_passive=16 tht_to=0 tht_ic=0 (panel excluded) smd_ic=5	Strong	18
scanner-darkly/two-one	tgo core		no .kicad_pcb, EasyEDA JSON, Eagle .brd or machine-readable BOM in scope	Deferred	18
seismicindustries/IPS2	.	both	kicad footprints (files=1: IPS2.kicad_pcb): smd=41 tht_passive=8 tht_to=0 tht_ic=0 (panel excluded) smd_ic=1	Strong	18
shaduzlabs/pink-0	.	SMD	eagle packages (files=1: pink-0.brd): smd=24 tht_passive=1 tht_to=0 tht_ic=0 (panel excluded) smd_ic=2	Strong	18
shannon-greenlight/Melper	.	both	kicad footprints (files=1: Melper.kicad_pcb): smd=4 tht_passive=18 tht_to=1 tht_ic=1 (panel excluded) smd_ic=0	Strong	18
shorepine/tulipcc	.	SMD	kicad footprints (files=1: tulipcc.kicad_pcb): smd=73 tht_passive=0 tht_to=0 tht_ic=0 (panel excluded) smd_ic=1	Strong	18
SonicPotions/Penrose	.		no .kicad_pcb, EasyEDA JSON, Eagle .brd or machine-readable BOM in scope	Deferred	18
sonocircuit/EXIST-RIP	EXIST-EAGLE FILES	THT	eagle packages (files=3: EXIST_1U_Intellijel_PCB.brd, EXIST_1U_Pulplogic_PCB.brd, EXIST_Transformer_PCB.brd): smd=0 tht_passive=2 tht_to=0 tht_ic=0 (panel excluded) smd_ic=0	Strong	18
soundslikefrank/grow	.	SMD	kicad footprints (files=1: grow.kicad_pcb): smd=100 tht_passive=1 tht_to=0 tht_ic=0 (panel excluded) smd_ic=3	Strong	18
SourceryOne/Arduino-Sample-and-Hold	.		no .kicad_pcb, EasyEDA JSON, Eagle .brd or machine-readable BOM in scope	Deferred	18
SourceryOne/Beaks	.		no .kicad_pcb, EasyEDA JSON, Eagle .brd or machine-readable BOM in scope	Deferred	18
SourceryOne/Grenar	.		no .kicad_pcb, EasyEDA JSON, Eagle .brd or machine-readable BOM in scope	Deferred	18
StudioKAT/PassiveLPG1U	v1.0	SMD	kicad footprints (files=1: Passive LPG 1U.kicad_pcb): smd=7 tht_passive=0 tht_to=1 tht_ic=0 (panel excluded) smd_ic=0	Strong	18
StudioKAT/VintageDualVCA	v1.0	SMD	kicad footprints (files=1: Vintage Dual VCA_v1.0.kicad_pcb): smd=72 tht_passive=0 tht_to=0 tht_ic=0 (panel excluded) smd_ic=6	Strong	18
Synthrotek/ADSR	.		no .kicad_pcb, EasyEDA JSON, Eagle .brd or machine-readable BOM in scope	Deferred	18
terrabite3/BB8	.		easyeda pcb json [unclassified: 1N4148x12 ALPHA9MMx9 CAP-D5.0×F2.0x4 MINIx2 PINSHRD_PTH_2X08x1] (files=1: BB8_PCB.json): smd=0 tht_passive=25 tht_to=0 tht_ic=3 (panel excluded) smd_ic=0	Weak	18
Testbild-synth/HAGIWO-005-Eurorack-sequencer	.	THT	kicad footprints (files=2: hagiwo_genseq.kicad_pcb, main_pcb_v1_1.kicad_pcb): smd=0 tht_passive=3 tht_to=0 tht_ic=0 (panel excluded) smd_ic=0	Strong	18
Testbild-synth/HAGIWO-029-033-Eurorack-quantizer	.	THT	kicad footprints (files=2: control_pcb_v1_1.kicad_pcb, main_pcb.kicad_pcb): smd=0 tht_passive=7 tht_to=0 tht_ic=0 (panel excluded) smd_ic=0	Strong	18
Testbild-synth/Hagiwo_009_030_sequencer	.	THT	kicad footprints (files=2: hagiwo_double_seq.kicad_pcb, main_pcb.kicad_pcb): smd=0 tht_passive=3 tht_to=0 tht_ic=0 (panel excluded) smd_ic=0	Strong	18
Testbild-synth/sigma-squared	.		easyeda pcb json [unclassified: 1N4148x6 2N3906x5 BC547x3 CAPx3 CAPACITORx1] (files=3: sigma_control_easyeda.json, sigma_main_easyeda.json, sigma_squared_control_easyeda.json): smd=0 tht_passive=120 tht_to=0 tht_ic=5 (panel excluded) smd_ic=0	Weak	18
thismatters/EurorackClockDiv2	.	SMD	kicad footprints (files=1: clkdiv2.kicad_pcb): smd=34 tht_passive=3 tht_to=0 tht_ic=0 (panel excluded) smd_ic=4	Strong	18
thismatters/EurorackTuringMachine	.	both	kicad footprints (files=1: turing-machine.kicad_pcb): smd=68 tht_passive=6 tht_to=1 tht_ic=0 (panel excluded) smd_ic=12	Strong	18
TimoRozendal/time-machine	.	SMD	BOM (files=2: Hardware/time machine  v1.4 full BOM.csv, Hardware/time machine  v1.4 pcba - bom.csv): smd=22 tht_passive=0 tht_to=0 tht_ic=0 (panel excluded) smd_ic=2	Stated	18
todbot/TrinketTouringMachine	.	both	eagle packages (files=7: TrinketTrigger.brd, blank-panel-4hp.brd, touringmach0.brd, touringmach0_front.brd, touringmach1.brd, touringmach2.brd, touringmach3.brd): smd=2 tht_passive=36 tht_to=5 tht_ic=0 (panel excluded) smd_ic=0	Strong	18
TOILmodular/EurorackVCPanner	.		BOM (files=1: BOM/BOM.md): smd=0 tht_passive=0 tht_to=0 tht_ic=0 (panel excluded) smd_ic=0	Deferred	18
TOILmodular/Plaits	.	SMD	BOM (files=1: BOM/BOM.md): smd=9 tht_passive=1 tht_to=0 tht_ic=0 (panel excluded) smd_ic=4	Stated	18
TOILmodular/RAT	.	SMD	BOM (files=1: BOM/BOM.md): smd=1 tht_passive=0 tht_to=0 tht_ic=0 (panel excluded) smd_ic=0	Stated	18
TOILmodular/TidesV2	.	SMD	BOM (files=1: BOM/BOM.md): smd=10 tht_passive=1 tht_to=0 tht_ic=0 (panel excluded) smd_ic=3	Stated	18
triglav-modular/208_Timbre_Workshop	.	THT	kicad footprints (files=2: 208_Timbre_Workshop.kicad_pcb, 208_Timbre_Workshop_FrontPanel.kicad_pcb): smd=0 tht_passive=52 tht_to=2 tht_ic=3 (panel excluded) smd_ic=0	Strong	18
VikingCube/VC-PCB-Midi	.	SMD	kicad footprints (files=1: vcer-midi-to-cv.kicad_pcb): smd=57 tht_passive=3 tht_to=0 tht_ic=0 (panel excluded) smd_ic=10	Strong	18
VoltageFoundryMod/ForgeSeries	.		no .kicad_pcb, EasyEDA JSON, Eagle .brd or machine-readable BOM in scope	Deferred	18
VoltageFoundryMod/ForgeSeries-Hardware	.	both	kicad footprints (files=13: ControlPCB_SMD_V3.0.kicad_pcb, Control_pcb_v1_1.kicad_pcb, Control_PCB_v1.2.kicad_pcb, ControlPCB_V2.0.kicad_pcb, MainPCB_SMD_V3.0.kicad_pcb, Main_pcb_V1.kicad_pcb, MainPCB_V2.1.kicad_pcb, MainPCB_V2.2.kicad_pcb, ControlPCB_SMD_V3.1.kicad_pcb, Expander1_V1.0.kicad_pcb, Expander2_V1.0.kicad_pcb, MainPCB_SMD_V3.1.kicad_pcb, XIAO RP2040 HAT.kicad_pcb): smd=238 tht_passive=100 tht_to=9 tht_ic=4 (panel excluded) smd_ic=12	Strong	18
westlicht/performer-hardware	.	SMD	kicad footprints (files=2: frontpanel.kicad_pcb, sequencer.kicad_pcb): smd=159 tht_passive=0 tht_to=0 tht_ic=0 (panel excluded) smd_ic=11	Strong	18
whimsicalraps/RIP_DIY	.	SMD	eagle packages (files=2: rip_base_2018.brd, rip_head_2018.brd): smd=12 tht_passive=3 tht_to=0 tht_ic=0 (panel excluded) smd_ic=0	Strong	18
WimOliphant/bergman-kassutronics-adsr-kicad-gerber	.	THT	kicad footprints (files=1: bergman_kassutronics_adsr.kicad_pcb): smd=0 tht_passive=26 tht_to=3 tht_ic=2 (panel excluded) smd_ic=0	Strong	18
WimOliphant/tb303_vcf_kicad_project_gerbers	.	THT	kicad footprints (files=1: bergman_303_vcf_v0.02.kicad_pcb): smd=0 tht_passive=45 tht_to=18 tht_ic=0 (panel excluded) smd_ic=0	Strong	18
Yorams/performancevco	.	both	eagle packages (files=1: LMNC VCO - v1.2.brd): smd=1 tht_passive=63 tht_to=1 tht_ic=3 (panel excluded) smd_ic=0	Strong	18
yorkmodular-cc/resonant-filters	.	SMD	kicad footprints (files=2: mfrhp.kicad_pcb, resonant-bp.kicad_pcb): smd=24 tht_passive=0 tht_to=0 tht_ic=0 (panel excluded) smd_ic=0	Strong	18
yorkmodular/C7H5NO3S	.		no .kicad_pcb, EasyEDA JSON, Eagle .brd or machine-readable BOM in scope	Deferred	18
yorkmodular/yavcf	.		no .kicad_pcb, EasyEDA JSON, Eagle .brd or machine-readable BOM in scope	Deferred	18
4ms/pcb-RCD-SCM-clocker	pcb-v1.0.4-kit/gEDA		no .kicad_pcb, EasyEDA JSON, Eagle .brd or machine-readable BOM in scope	Deferred	18
4ms/pcb-RCD-SCM-clocker	pcb-v1.2	SMD	kicad footprints (files=1: clocker-12b.kicad_pcb): smd=43 tht_passive=0 tht_to=0 tht_ic=0 (panel excluded) smd_ic=4	Strong	18
4ms/QPLFO-v22	.		no .kicad_pcb, EasyEDA JSON, Eagle .brd or machine-readable BOM in scope	Deferred	18
4ms/QPLFO-v22	hardware/kicad v4	SMD	kicad footprints (files=1: qplfo_v22.kicad_pcb): smd=150 tht_passive=0 tht_to=0 tht_ic=0 (panel excluded) smd_ic=10	Strong	18
4ms/QPLFO-v22	hardware/kicad v5	SMD	kicad footprints (files=1: qplfo_v22.kicad_pcb): smd=150 tht_passive=0 tht_to=0 tht_ic=0 (panel excluded) smd_ic=10	Strong	18
4ms/STS	.		no .kicad_pcb, EasyEDA JSON, Eagle .brd or machine-readable BOM in scope	Deferred	18
4ms/STS	hardware/Kicad-6-project		no .kicad_pcb, EasyEDA JSON, Eagle .brd or machine-readable BOM in scope	Deferred	18
4ms/SWN	.		no .kicad_pcb, EasyEDA JSON, Eagle .brd or machine-readable BOM in scope	Deferred	18
4ms/SWN	hardware/Kicad project/SWN v1.1	SMD	kicad footprints (files=1: SWN.kicad_pcb): smd=510 tht_passive=0 tht_to=0 tht_ic=0 (panel excluded) smd_ic=24	Strong	18
Allen-Synthesis/EuroPi	.		1 .kicad_pcb fetched but held no footprints (LFS stub or empty board?): europi-panel.kicad_pcb (182111 bytes)	Deferred	18
Allen-Synthesis/EuroPi	hardware/surface-mount	SMD	kicad footprints (files=1: europi-surface-mount.kicad_pcb): smd=68 tht_passive=0 tht_to=0 tht_ic=0 (panel excluded) smd_ic=3	Strong	18
Allen-Synthesis/EuroPi	hardware/through-hole		no .kicad_pcb, EasyEDA JSON, Eagle .brd or machine-readable BOM in scope	Deferred	18
Andreas-Dorfner/Powerline-USB-C	Powerline-USB-C	SMD	kicad footprints (files=1: Powerline-USB-C.kicad_pcb): smd=11 tht_passive=0 tht_to=0 tht_ic=0 (panel excluded) smd_ic=0	Strong	18
Andreas-Dorfner/Powerline-USB-C	Powerline-USB-C-Frontpanel		no .kicad_pcb, EasyEDA JSON, Eagle .brd or machine-readable BOM in scope	Deferred	18
attowatt/i2c2midi	hardware/hardware-MK1	THT	eagle packages (files=2: i2c2midi_board.brd, i2c2midi_panel.brd): smd=0 tht_passive=9 tht_to=1 tht_ic=1 (panel excluded) smd_ic=0	Strong	18
attowatt/i2c2midi	hardware/hardware-MK2	both	eagle packages (files=4: board-A.brd, board-B.brd, board.brd, panel.brd): smd=2 tht_passive=24 tht_to=0 tht_ic=0 (panel excluded) smd_ic=0	Strong	18
bartinstruments/open-source	DUAL SSI2130 VCO CORE		1 .kicad_pcb fetched but held no footprints (LFS stub or empty board?): DUAL SSI2130 VCO CORE.kicad_pcb (1999 bytes)	Deferred	18
bartinstruments/open-source	MATRIX MIXER		1 .kicad_pcb fetched but held no footprints (LFS stub or empty board?): (400) MATRIX MIXER.kicad_pcb (1999 bytes)	Deferred	18
bastl-instruments/kastle2	.		no .kicad_pcb, EasyEDA JSON, Eagle .brd or machine-readable BOM in scope	Deferred	18
bastl-instruments/kastle2	case/top-panel		1 .kicad_pcb fetched but held no footprints (LFS stub or empty board?): kastle2-template-panel.brd (not XML or no elements, 30345 bytes)	Deferred	18
BelaPlatform/gliss-hardware	gliss_faceplate	SMD	kicad footprints (files=4: gliss_faceplate.kicad_pcb, gliss_faceplate_1U_L.kicad_pcb, gliss_faceplate_1U_R.kicad_pcb, gliss_faceplate_inverted.kicad_pcb): smd=52 tht_passive=0 tht_to=0 tht_ic=0 (panel excluded) smd_ic=52	Strong	18
BelaPlatform/gliss-hardware	gliss_led	SMD	kicad footprints (files=1: gliss_led.kicad_pcb): smd=27 tht_passive=0 tht_to=0 tht_ic=0 (panel excluded) smd_ic=0	Strong	18
BelaPlatform/gliss-hardware	gliss_main	SMD	kicad footprints (files=1: gliss_main.kicad_pcb): smd=82 tht_passive=1 tht_to=0 tht_ic=0 (panel excluded) smd_ic=4	Strong	18
benjiaomodular/MiniSNH	MiniSNH v1.0	SMD	kicad footprints (files=3: MiniAttenuMix.kicad_pcb, MiniSNH v1.0.kicad_pcb, MiniSNH v1.0.kicad_pcb): smd=57 tht_passive=1 tht_to=2 tht_ic=0 (panel excluded) smd_ic=6	Strong	18
benjiaomodular/MiniSNH	MiniSNH v1.0/Inkscape Panel		no .kicad_pcb, EasyEDA JSON, Eagle .brd or machine-readable BOM in scope	Deferred	18
benjiaomodular/MiniSNH	MiniSNH v1.1	SMD	kicad footprints (files=4: MiniSNH v1.1 - Front.kicad_pcb, MiniSNH v1.1 - Main.kicad_pcb, MiniSNH v1.0.kicad_pcb, MiniSNH.kicad_pcb): smd=122 tht_passive=2 tht_to=4 tht_ic=0 (panel excluded) smd_ic=12	Strong	18
benjiaomodular/MiniSNH	MiniSNH v1.1/Fabrication	SMD	kicad footprints (files=2: MiniSNH v1.1 - Front.kicad_pcb, MiniSNH v1.1 - Main.kicad_pcb): smd=61 tht_passive=1 tht_to=2 tht_ic=0 (panel excluded) smd_ic=6	Strong	18
benjiaomodular/MiniSNH	MiniSNH v1.1/Inkscape Panel		no .kicad_pcb, EasyEDA JSON, Eagle .brd or machine-readable BOM in scope	Deferred	18
bmoren/Stereo-Output-2hp	PSO_panel_rev1		no .kicad_pcb, EasyEDA JSON, Eagle .brd or machine-readable BOM in scope	Deferred	18
bmoren/Stereo-Output-2hp	PSO_panel_rev1/gerbs		no .kicad_pcb, EasyEDA JSON, Eagle .brd or machine-readable BOM in scope	Deferred	18
bmoren/Stereo-Output-2hp	PSO_panel_rev2		no .kicad_pcb, EasyEDA JSON, Eagle .brd or machine-readable BOM in scope	Deferred	18
bmoren/Stereo-Output-2hp	passive_stereo_output_rev1		no .kicad_pcb, EasyEDA JSON, Eagle .brd or machine-readable BOM in scope	Deferred	18
bmoren/Stereo-Output-2hp	passive_stereo_output_rev1/gerbs		no .kicad_pcb, EasyEDA JSON, Eagle .brd or machine-readable BOM in scope	Deferred	18
bmoren/two-tone	rev1_PCB	THT	kicad footprints (files=1: twotone.kicad_pcb): smd=0 tht_passive=6 tht_to=0 tht_ic=0 (panel excluded) smd_ic=0	Strong	18
bmoren/two-tone	rev1_PCB/tow_tone_rev1_gerbs		no .kicad_pcb, EasyEDA JSON, Eagle .brd or machine-readable BOM in scope	Deferred	18
bmoren/two-tone	rev2_panel_PCB/gerbs		no .kicad_pcb, EasyEDA JSON, Eagle .brd or machine-readable BOM in scope	Deferred	18
bmoren/two-tone	rev2_panel_PCB/twotone_rev2_panel		no .kicad_pcb, EasyEDA JSON, Eagle .brd or machine-readable BOM in scope	Deferred	18
bpcmusic/telex	hardware/TELEXi	both	eagle packages (files=1: Telex-I.brd): smd=41 tht_passive=9 tht_to=0 tht_ic=0 (panel excluded) smd_ic=3	Strong	18
bpcmusic/telex	hardware/TELEXo	both	eagle packages (files=1: Telex-O.brd): smd=60 tht_passive=9 tht_to=0 tht_ic=0 (panel excluded) smd_ic=8	Strong	18
ctag-fh-kiel/ctag-tbd	.	SMD	kicad footprints (files=1: ESP32-Eurorack-Audio.kicad_pcb): smd=102 tht_passive=0 tht_to=0 tht_ic=0 (panel excluded) smd_ic=5	Strong	18
ctag-fh-kiel/ctag-tbd	hw/frontplate		no .kicad_pcb, EasyEDA JSON, Eagle .brd or machine-readable BOM in scope	Deferred	18
dchwebb/Addatone	Hardware/ARM_Dev_Board	SMD	kicad footprints (files=2: STM32L152_Dev_Board 1.1.kicad_pcb, STM32L152_Dev_Board.kicad_pcb): smd=30 tht_passive=0 tht_to=0 tht_ic=0 (panel excluded) smd_ic=2	Strong	18
dchwebb/DisPhaze	.	SMD	kicad footprints (files=3: DisPhaze.kicad_pcb, DisPhaze_Panel.kicad_pcb, Disphaze_Larger_MCU_Pads.kicad_pcb): smd=120 tht_passive=0 tht_to=0 tht_ic=0 (panel excluded) smd_ic=6	Strong	18
dchwebb/DisPhaze	Hardware/bu	SMD	kicad footprints (files=3: DisPhaze.kicad_pcb, DisPhaze_Panel.kicad_pcb, DisPhaze_Panel_mk2.5.kicad_pcb): smd=10 tht_passive=0 tht_to=0 tht_ic=0 (panel excluded) smd_ic=1	Strong	18
dchwebb/DisPhaze	Hardware_v3	SMD	kicad footprints (files=2: DisPhaze_Components.kicad_pcb, DisPhaze_Panel.kicad_pcb): smd=63 tht_passive=0 tht_to=0 tht_ic=0 (panel excluded) smd_ic=3	Strong	18
dchwebb/DisPhaze	Hardware_v3.5	SMD	kicad footprints (files=2: DisPhaze_Components.kicad_pcb, DisPhaze_Panel.kicad_pcb): smd=63 tht_passive=0 tht_to=0 tht_ic=0 (panel excluded) smd_ic=3	Strong	18
dchwebb/Kishoof	.	SMD	kicad footprints (files=4: Kishoof_Components.kicad_pcb, Kishoof_Controls.kicad_pcb, Kishoof_Panel.kicad_pcb, Kishoof_screen.kicad_pcb): smd=83 tht_passive=0 tht_to=0 tht_ic=0 (panel excluded) smd_ic=6	Strong	18
dchwebb/Kishoof	Hardware/Combined_Controls_Components	SMD	kicad footprints (files=3: Kishoof_Components.kicad_pcb, Kishoof_Panel.kicad_pcb, Kishoof_screen.kicad_pcb): smd=85 tht_passive=0 tht_to=0 tht_ic=0 (panel excluded) smd_ic=6	Strong	18
dchwebb/Kishoof	Hardware/Kishoof_Controls	SMD	kicad footprints (files=1: Kishoof_Controls.kicad_pcb): smd=2 tht_passive=0 tht_to=0 tht_ic=0 (panel excluded) smd_ic=0	Strong	18
dchwebb/Kishoof	Hardware/Kishoof_Panel		no .kicad_pcb, EasyEDA JSON, Eagle .brd or machine-readable BOM in scope	Deferred	18
dchwebb/Kishoof	bu/Proto_Hardware	SMD	kicad footprints (files=3: Retrospector_Components.kicad_pcb, Retrospector_Controls.kicad_pcb, Retrospector_Panel.kicad_pcb): smd=107 tht_passive=0 tht_to=0 tht_ic=0 (panel excluded) smd_ic=5	Strong	18
dchwebb/Oscar	.	SMD	BOM (files=1: BOM.md): smd=17 tht_passive=0 tht_to=0 tht_ic=0 (panel excluded) smd_ic=3	Stated	18
dchwebb/Oscar	Hardware_v3	SMD	kicad footprints (files=4: lcd_Daughterboard.kicad_pcb, oscar_components.kicad_pcb, oscar_panel.kicad_pcb, oscar_panel_nousb_variant.kicad_pcb): smd=45 tht_passive=0 tht_to=0 tht_ic=0 (panel excluded) smd_ic=3	Strong	18
dchwebb/Oscar	Hardware_v3/jlcpcb	SMD	BOM (files=1: Hardware_v3/jlcpcb/production_files/BOM-oscar_components.csv): smd=39 tht_passive=0 tht_to=0 tht_ic=0 (panel excluded) smd_ic=3	Stated	18
dchwebb/Oscar	Old/Hardware_v1	SMD	kicad footprints (files=1: oscar.kicad_pcb): smd=36 tht_passive=0 tht_to=0 tht_ic=0 (panel excluded) smd_ic=3	Strong	18
dchwebb/Oscar	Old/Hardware_v2	SMD	kicad footprints (files=3: lcd_Daughterboard.kicad_pcb, oscar.kicad_pcb, oscar_panel.kicad_pcb): smd=41 tht_passive=0 tht_to=0 tht_ic=0 (panel excluded) smd_ic=3	Strong	18
dchwebb/Punck	.	SMD	kicad footprints (files=3: Punck_Components.kicad_pcb, Punck_Controls.kicad_pcb, Punck_Panel.kicad_pcb): smd=93 tht_passive=0 tht_to=0 tht_ic=0 (panel excluded) smd_ic=4	Strong	18
dchwebb/Punck	Hardware_v1_1	SMD	kicad footprints (files=3: Punck_Components.kicad_pcb, Punck_Controls.kicad_pcb, Punck_Panel.kicad_pcb): smd=93 tht_passive=0 tht_to=0 tht_ic=0 (panel excluded) smd_ic=4	Strong	18
dchwebb/Punck	Hardware_v1_1/jlcpcb	SMD	BOM (files=1: Hardware_v1_1/jlcpcb/production_files/BOM-Punck_Components.csv): smd=88 tht_passive=0 tht_to=0 tht_ic=0 (panel excluded) smd_ic=4	Stated	18
dchwebb/Retrospector	.	SMD	kicad footprints (files=3: Retrospector_Components.kicad_pcb, Retrospector_Controls.kicad_pcb, Retrospector_Panel.kicad_pcb): smd=127 tht_passive=0 tht_to=0 tht_ic=0 (panel excluded) smd_ic=7	Strong	18
dchwebb/Retrospector	Hardware/bu	SMD	kicad footprints (files=1: Retrospector_Components.kicad_pcb): smd=122 tht_passive=0 tht_to=0 tht_ic=0 (panel excluded) smd_ic=7	Strong	18
dchwebb/Spectralist	.	SMD	kicad footprints (files=4: Spectralist_Components.kicad_pcb, Spectralist_Controls.kicad_pcb, Spectralist_LEDs.kicad_pcb, Spectralist_Panel.kicad_pcb): smd=117 tht_passive=0 tht_to=0 tht_ic=0 (panel excluded) smd_ic=6	Strong	18
dchwebb/Spectralist	Hardware/Spectralist_Components		1 .kicad_pcb fetched but held no footprints (LFS stub or empty board?): Spectralist_Components.kicad_pcb (79 bytes)	Deferred	18
dchwebb/Spectralist	Hardware/Spectralist_LEDs		no .kicad_pcb, EasyEDA JSON, Eagle .brd or machine-readable BOM in scope	Deferred	18
dchwebb/Spectralist	Hardware/jlcpcb	SMD	BOM (files=1: Hardware/jlcpcb/production_files/BOM-Spectralist_Components.csv): smd=77 tht_passive=0 tht_to=0 tht_ic=0 (panel excluded) smd_ic=3	Stated	18
DIYSynthMNL/Eurorack-2164-Quad-Exponential-VCA	.		1 .kicad_pcb fetched but held no footprints (LFS stub or empty board?): AS2164-Quad-Exponential-VCA.kicad_pcb (51 bytes)	Deferred	18
DIYSynthMNL/Eurorack-2164-Quad-Exponential-VCA	Schematic PDFs		no .kicad_pcb, EasyEDA JSON, Eagle .brd or machine-readable BOM in scope	Deferred	18
DIYSynthMNL/Eurorack-Electric-Druid-VCDO1	.		1 .kicad_pcb fetched but held no footprints (LFS stub or empty board?): Electric Druid VCDO1.kicad_pcb (51 bytes)	Deferred	18
DIYSynthMNL/Eurorack-Electric-Druid-VCDO1	Schematic PDFs		no .kicad_pcb, EasyEDA JSON, Eagle .brd or machine-readable BOM in scope	Deferred	18
emeb/Cheep4	Hardware/cheep4	SMD	kicad footprints (files=1: cheep4.kicad_pcb): smd=92 tht_passive=0 tht_to=0 tht_ic=0 (panel excluded) smd_ic=5	Strong	18
emeb/Cheep4	Hardware/cheep4_panel		no .kicad_pcb, EasyEDA JSON, Eagle .brd or machine-readable BOM in scope	Deferred	18
emeb/g081_audio	.		no .kicad_pcb, EasyEDA JSON, Eagle .brd or machine-readable BOM in scope	Deferred	18
emeb/g081_audio	Hardware/audio_panel		no .kicad_pcb, EasyEDA JSON, Eagle .brd or machine-readable BOM in scope	Deferred	18
emeb/g081_audio	Hardware/g081_audio	SMD	kicad footprints (files=1: g081_audio.kicad_pcb): smd=72 tht_passive=0 tht_to=0 tht_ic=0 (panel excluded) smd_ic=5	Strong	18
emeb/S3GTA	Hardware/s3gta_back	SMD	kicad footprints (files=1: s3gta_back.kicad_pcb): smd=69 tht_passive=1 tht_to=0 tht_ic=0 (panel excluded) smd_ic=2	Strong	18
emeb/S3GTA	Hardware/s3gta_panel	SMD	kicad footprints (files=1: s3gta_panel.kicad_pcb): smd=34 tht_passive=0 tht_to=0 tht_ic=0 (panel excluded) smd_ic=1	Strong	18
jakplugg/utidesII	.	SMD	BOM (files=1: BOM.csv): smd=66 tht_passive=0 tht_to=0 tht_ic=0 (panel excluded) smd_ic=0	Stated	18
jakplugg/utidesII	PCBPanel		no .kicad_pcb, EasyEDA JSON, Eagle .brd or machine-readable BOM in scope	Deferred	18
jakplugg/utidesII	gerb_02		no .kicad_pcb, EasyEDA JSON, Eagle .brd or machine-readable BOM in scope	Deferred	18
JMHanson4/Miasma_1.03_Revised	Miasma_IO_smd	SMD	kicad footprints (files=1: Miasma_IO_smd.kicad_pcb): smd=80 tht_passive=0 tht_to=0 tht_ic=0 (panel excluded) smd_ic=1	Strong	18
JMHanson4/Miasma_1.03_Revised	Miasma_IO_smd/BOM and CPL	SMD	BOM (files=1: Miasma_IO_smd/BOM and CPL/Miasma_IO_smd_BOM.csv): smd=74 tht_passive=0 tht_to=0 tht_ic=0 (panel excluded) smd_ic=1	Stated	18
JMHanson4/Miasma_1.03_Revised	Miasma_Main_smd	SMD	kicad footprints (files=1: Miasma_Main_smd.kicad_pcb): smd=161 tht_passive=2 tht_to=0 tht_ic=0 (panel excluded) smd_ic=9	Strong	18
JMHanson4/Miasma_1.03_Revised	Miasma_Main_smd/BOM and CPL	SMD	BOM (files=1: Miasma_Main_smd/BOM and CPL/Miasma_Main_smd_BOM.csv): smd=134 tht_passive=0 tht_to=0 tht_ic=0 (panel excluded) smd_ic=9	Stated	18
JMHanson4/Miasma_1.03_Revised	Miasma_Panel		no .kicad_pcb, EasyEDA JSON, Eagle .brd or machine-readable BOM in scope	Deferred	18
johannesstrueber/dots	kicad_frontpanel		no .kicad_pcb, EasyEDA JSON, Eagle .brd or machine-readable BOM in scope	Deferred	18
johannesstrueber/dots	kicad_main	SMD	kicad footprints (files=1: main.kicad_pcb): smd=47 tht_passive=0 tht_to=0 tht_ic=0 (panel excluded) smd_ic=1	Strong	18
jsenzel1/supra	.	SMD	BOM (files=1: hardware/JLCPCB fabrication files/SUPRA_ASSEMBLY_FILE_BOM.csv): smd=82 tht_passive=0 tht_to=0 tht_ic=0 (panel excluded) smd_ic=3	Stated	18
jsenzel1/supra	hardware/board final for public	SMD	kicad footprints (files=1: supra_board.kicad_pcb): smd=101 tht_passive=0 tht_to=0 tht_ic=0 (panel excluded) smd_ic=5	Strong	18
jsenzel1/supra	hardware/panel final for public	SMD	BOM (files=1: hardware/panel final for public/production/bom.csv): smd=25 tht_passive=0 tht_to=0 tht_ic=0 (panel excluded) smd_ic=1	Stated	18
jsenzel1/supra	hardware/panel final for public/supra		no .kicad_pcb, EasyEDA JSON, Eagle .brd or machine-readable BOM in scope	Deferred	18
M4ngu/FranKinksTides	first_version 	SMD	eagle packages (files=1: FranKinksTides.brd): smd=219 tht_passive=2 tht_to=0 tht_ic=0 (panel excluded) smd_ic=23	Strong	18
M4ngu/FranKinksTides	last_version_v1.4	SMD	eagle packages (files=1: FranKinksTides-v1.4.brd): smd=233 tht_passive=3 tht_to=0 tht_ic=0 (panel excluded) smd_ic=24	Strong	18
M4ngu/FranKinksTides	second_version_v1.2	SMD	eagle packages (files=1: FranKinksTides-v1.2.brd): smd=231 tht_passive=3 tht_to=0 tht_ic=0 (panel excluded) smd_ic=24	Strong	18
M4ngu/FranKinksTides	second_version_v1.2/FanKinksTides_12		no .kicad_pcb, EasyEDA JSON, Eagle .brd or machine-readable BOM in scope	Deferred	18
maasijam/MONOFA	MF-X1	SMD	BOM (files=1: MF-X1/BOM_mf-x1_v1.0revB.csv): smd=48 tht_passive=0 tht_to=0 tht_ic=0 (panel excluded) smd_ic=2	Stated	18
maasijam/MONOFA	MF-X2	SMD	BOM (files=1: MF-X2/BOM_mfx2_front_v1.1_revB_2022-04-13.csv): smd=100 tht_passive=0 tht_to=0 tht_ic=0 (panel excluded) smd_ic=5	Stated	18
maasijam/MONOFA	MONOFA	SMD	BOM (files=1: MONOFA/BOM_monofa_v1.0_revE.csv): smd=31 tht_passive=0 tht_to=0 tht_ic=0 (panel excluded) smd_ic=0	Stated	18
microresearch/WORM	.		9 .kicad_pcb fetched but held no footprints (LFS stub or empty board?): worm001.brd (not XML or no elements, 255248 bytes), worm001_panel.brd (not XML or no elements, 268702 bytes), worm001_panel_revised.brd (not XML or no elements, 1120009 bytes), worm001_panel_revised_reducing.brd (not XML or no elements, 1120124 bytes), worm001_panel_revised_reducing002.brd (not XML or no elements, 1121062 bytes), worm001_revised.brd (not XML or no elements, 256522 bytes), worm001_revised_reducing.brd (not XML or no elements, 94853 bytes), worm001_revised_reducing002.brd (not XML or no elements, 249086 bytes), worm001_revised_reducing003.brd (not XML or no elements, 254897 bytes)	Deferred	18
microresearch/WORM	revival	SMD	kicad footprints (files=2: new_worm3.kicad_pcb, new_worm3_panel.kicad_pcb): smd=78 tht_passive=0 tht_to=0 tht_ic=0 (panel excluded) smd_ic=5	Strong	18
MidiverseModular/MVM_OOAK_Project	MVM016_VCO		no .kicad_pcb, EasyEDA JSON, Eagle .brd or machine-readable BOM in scope	Deferred	18
MidiverseModular/MVM_OOAK_Project	MVM019_Quad Envelope		no .kicad_pcb, EasyEDA JSON, Eagle .brd or machine-readable BOM in scope	Deferred	18
MidiverseModular/MVM_OOAK_Project	MVM020_Skew LFO		no .kicad_pcb, EasyEDA JSON, Eagle .brd or machine-readable BOM in scope	Deferred	18
MidiverseModular/MVM_OOAK_Project	MVM021_Utility Mixer		no .kicad_pcb, EasyEDA JSON, Eagle .brd or machine-readable BOM in scope	Deferred	18
MidiverseModular/MVM_OOAK_Project	MVM024_VCF		no .kicad_pcb, EasyEDA JSON, Eagle .brd or machine-readable BOM in scope	Deferred	18
mohoyt/2600ish_vcf	.	THT	kicad footprints (files=1: 2600ish_vcf.kicad_pcb): smd=0 tht_passive=60 tht_to=12 tht_ic=2 (panel excluded) smd_ic=0	Strong	18
mohoyt/2600ish_vcf	2600ish Panel		no .kicad_pcb, EasyEDA JSON, Eagle .brd or machine-readable BOM in scope	Deferred	18
mohoyt/output_mixer	.	both	kicad footprints (files=1: output_mixer.kicad_pcb): smd=75 tht_passive=14 tht_to=0 tht_ic=0 (panel excluded) smd_ic=3	Strong	18
mohoyt/output_mixer	jlcpcb		no .kicad_pcb, EasyEDA JSON, Eagle .brd or machine-readable BOM in scope	Deferred	18
Nagasaki45/eurorack	1 2 3	THT	eagle packages (files=3: electronics_board.brd, main_board.brd, panel.brd): smd=0 tht_passive=48 tht_to=4 tht_ic=3 (panel excluded) smd_ic=0	Strong	18
Nagasaki45/eurorack	I M smart	THT	eagle packages (files=2: board.brd, panel.brd): smd=0 tht_passive=17 tht_to=0 tht_ic=1 (panel excluded) smd_ic=0	Strong	18
Nagasaki45/eurorack	eurodev	THT	eagle packages (files=1: eurodev.brd): smd=0 tht_passive=11 tht_to=0 tht_ic=0 (panel excluded) smd_ic=0	Strong	18
Nagasaki45/eurorack	lets play together	THT	eagle packages (files=2: board.brd, panel.brd): smd=0 tht_passive=14 tht_to=0 tht_ic=1 (panel excluded) smd_ic=0	Strong	18
naokiiwakami/analog2.0	10_miniboard		no .kicad_pcb, EasyEDA JSON, Eagle .brd or machine-readable BOM in scope	Deferred	18
naokiiwakami/analog2.0	others/analog_sequencer		no .kicad_pcb, EasyEDA JSON, Eagle .brd or machine-readable BOM in scope	Deferred	18
naokiiwakami/analog2.0	others/phase_shifter		1 .kicad_pcb fetched but held no footprints (LFS stub or empty board?): phaser.brd (not XML or no elements, 18678 bytes)	Deferred	18
naokiiwakami/analog2.0	others/resonator		1 .kicad_pcb fetched but held no footprints (LFS stub or empty board?): resonator2.brd (not XML or no elements, 15775 bytes)	Deferred	18
oamodular/uncertainty	hardware/2hp-smt-uncertainty		no .kicad_pcb, EasyEDA JSON, Eagle .brd or machine-readable BOM in scope	Deferred	18
oamodular/uncertainty	hardware/4hp-diy-uncertainty	THT	kicad footprints (files=2: DIY Plate.kicad_pcb, DIY Uncertainty.kicad_pcb): smd=0 tht_passive=23 tht_to=2 tht_ic=0 (panel excluded) smd_ic=0	Strong	18
oamodular/uncertainty	hardware/4hp-diy-uncertainty/DIY Plate		no .kicad_pcb, EasyEDA JSON, Eagle .brd or machine-readable BOM in scope	Deferred	18
odeliy/noise-reap	modules/3xVCA	SMD	kicad footprints (files=2: vca_panel.kicad_pcb, 3xVCA.kicad_pcb): smd=70 tht_passive=0 tht_to=0 tht_ic=0 (panel excluded) smd_ic=3	Strong	18
odeliy/noise-reap	modules/anomaly	SMD	kicad footprints (files=2: reaper_panel.kicad_pcb, VCF.kicad_pcb): smd=61 tht_passive=0 tht_to=0 tht_ic=0 (panel excluded) smd_ic=3	Strong	18
odeliy/noise-reap	modules/foundation	SMD	kicad footprints (files=2: foundationPanel.kicad_pcb, Foundation.kicad_pcb): smd=103 tht_passive=4 tht_to=0 tht_ic=0 (panel excluded) smd_ic=7	Strong	18
odeliy/noise-reap	modules/paradox	SMD	kicad footprints (files=2: paradox_panel.kicad_pcb, paradox.kicad_pcb): smd=92 tht_passive=2 tht_to=0 tht_ic=0 (panel excluded) smd_ic=6	Strong	18
Pl0p/Modular_Synth	Drum-H	THT	kicad footprints (files=1: Drum_H_v2.kicad_pcb): smd=0 tht_passive=12 tht_to=6 tht_ic=5 (panel excluded) smd_ic=0	Strong	18
Pl0p/Modular_Synth	Drum-K_MKII	THT	kicad footprints (files=2: Controls.kicad_pcb, Drum-K_MKII.kicad_pcb): smd=0 tht_passive=13 tht_to=8 tht_ic=1 (panel excluded) smd_ic=0	Strong	18
Pl0p/Modular_Synth	Drum-S	THT	kicad footprints (files=1: Drum-S.kicad_pcb): smd=0 tht_passive=8 tht_to=0 tht_ic=0 (panel excluded) smd_ic=0	Strong	18
Pl0p/Modular_Synth	OLD/Drum-K	THT	kicad footprints (files=1: Drum-k.kicad_pcb): smd=0 tht_passive=2 tht_to=0 tht_ic=0 (panel excluded) smd_ic=0	Strong	18
Pl0p/Modular_Synth	OLD/GateOmatix/Hardware	THT	kicad footprints (files=1: Main_board.kicad_pcb): smd=0 tht_passive=20 tht_to=0 tht_ic=4 (panel excluded) smd_ic=0	Strong	18
PoloAudiovisual/Quatro	Quatro_rev1.0		no .kicad_pcb, EasyEDA JSON, Eagle .brd or machine-readable BOM in scope	Deferred	18
PoloAudiovisual/Quatro	Quatro_rev1.1		no .kicad_pcb, EasyEDA JSON, Eagle .brd or machine-readable BOM in scope	Deferred	18
promesoft/KicadJE_MoogVCF	KicadJE_MoogVCF_1	SMD	kicad footprints (files=1: KicadJE_MoogVCF_1.kicad_pcb): smd=194 tht_passive=1 tht_to=0 tht_ic=0 (panel excluded) smd_ic=1	Strong	18
promesoft/KicadJE_MoogVCF	KicadJE_MoogVCF_1_revB	SMD	kicad footprints (files=1: KicadJE_MoogVCF_1b.kicad_pcb): smd=194 tht_passive=1 tht_to=0 tht_ic=0 (panel excluded) smd_ic=1	Strong	18
Quinienl/Basic-Modules	Mixer	THT	kicad footprints (files=1: Mixer.kicad_pcb): smd=0 tht_passive=14 tht_to=0 tht_ic=1 (panel excluded) smd_ic=0	Strong	18
Quinienl/Basic-Modules	Multiple		no .kicad_pcb, EasyEDA JSON, Eagle .brd or machine-readable BOM in scope	Deferred	18
Quinienl/Basic-Modules	MultipleBuffered	THT	kicad footprints (files=1: MultipleBuffered.kicad_pcb): smd=0 tht_passive=18 tht_to=0 tht_ic=2 (panel excluded) smd_ic=0	Strong	18
Quinienl/Basic-Modules	Switch		no .kicad_pcb, EasyEDA JSON, Eagle .brd or machine-readable BOM in scope	Deferred	18
Quinienl/LittleBen	.	THT	kicad footprints (files=2: LittleBenv2.kicad_pcb, panel.kicad_pcb): smd=0 tht_passive=22 tht_to=3 tht_ic=1 (panel excluded) smd_ic=0	Strong	18
Quinienl/LittleBen	Back		no .kicad_pcb, EasyEDA JSON, Eagle .brd or machine-readable BOM in scope	Deferred	18
GroundGrown/eurorack-modules	.	both	eagle packages [superseded, not counted: DLPG PANEL.brd] (files=69: 2PLUS Osc Breakout Euro PANEL.brd, 2PLUS Osc Breakout Euro.brd, AC mixer v2.brd, ADSR 7555 CTRL.brd, ADSR 7555 MAIN.brd, ADSR 7555 PANEL v1.brd, AOC v1 PANEL.brd, AOC v1.brd, ATVS 1U PANEL.brd, Angelo Dual Filter CTRL v1.1.brd, Angelo Dual Filter MAIN v1.brd, Angelo Dual Filter PANEL v1.1.brd, Attenuverting Mixer Slim Front Panel v1.brd, Attenuverting Mixer Slim main v1.brd, Attenuverting mixer mutes PANEL.brd, Attenuverting mixer mutes.brd, Buffered Mult PANEL.brd, DLPG PANEL v1.1.brd, DLPG ctrl v3.brd, DLPG main v3.brd, Delay.Chorus PT2399 CTRL.brd, Delay.Chorus PT2399 MAIN v1.1.brd, Delay.Chorus PT2399 PANEL.brd, Dual VCLFO CTRL.brd, Dual VCLFO MAIN.brd, Dual VCLFO PANEL.brd, Four Monks Expander 1 (mix lvl) PANEL.brd, Four Monks Expander 1 (mix lvl).brd, Gate to Trig Converter PANEL V1.brd, Gate to Trig Converter V1.brd, MAYO 1U PANEL.brd, Melting Point Panel.brd, Melting Point.brd, Noise Percussion PANEL.brd, Noise Percussion ctrl.brd, Noise Percussion main.brd, Oscillator Core Sch.brd, Output Mixer PANEL v1.brd, Output Mixer v1.1.brd, Passive Attn PANEL.brd, Passive Attn.brd, Passive Mult PANEL.brd, Passive Mult.brd, Quad VCA (no pots) CTRL v1.brd, Quad VCA (no pots) PANEL v1.brd, Quad VCA CTRL v1.brd, Quad VCA MAIN v1.brd, Quad VCA PANEL v1.brd, Slew and Hold PANEL v1 .brd, Slew and Hold v1.brd, Slim Attenuverting Mixer PANEL v1.1.brd, Trig to Gate Converter PANEL V1.brd, Trig to Gate Converter ctrl V1.brd, Trig to Gate Converter main V1.brd, Utility Module PANEL.brd, Utility Module.brd, VC Panning Mixer CTRL.brd, VC Panning Mixer PANEL.brd, VC Panning Mixer main.brd, Wave Fold Osc CTRL V2.brd, Wave Fold Osc MAIN V2.1.brd, Wave Fold Osc PANEL V1.brd, buffered multiple 1U PANEL.brd, buffered multiple.brd, gate delay v2 PANEL.brd, gate delay v2 ctrl.brd, gate delay v2 main.brd, mixer 4x1 PANEL v1.brd, mixer 4x1 v1.brd): smd=1347 tht_passive=84 tht_to=2 tht_ic=3 (panel excluded) smd_ic=119; fetch failed for 2 other file(s)	Strong	18
triglav-modular/Voltage_Processor	.		fetch failed for 2 file(s) at 7013e64 - re-run, do not read as absence	Deferred	18
Quinienl/LittleBen	Panelv2		no .kicad_pcb, EasyEDA JSON, Eagle .brd or machine-readable BOM in scope	Deferred	18
rob-scape/daisy-seed-breakout-boards	daisy-seed-dcdc-opamps	SMD	BOM (files=1: daisy-seed-dcdc-opamps/BOM_seed_power_opamps_2025-08-29.csv): smd=41 tht_passive=0 tht_to=0 tht_ic=0 (panel excluded) smd_ic=2	Stated	18
rob-scape/daisy-seed-breakout-boards	daisy-seed-mcp6004-mux	SMD	BOM (files=1: daisy-seed-mcp6004-mux/BOM_8Mux_8cvins_0-3.3V_2025-08-29.csv): smd=41 tht_passive=0 tht_to=0 tht_ic=0 (panel excluded) smd_ic=3	Stated	18
robgmsn/gmsn	LMNC/safetyValve	both	eagle packages (files=1: Safety Valve.brd): smd=1 tht_passive=27 tht_to=0 tht_ic=1 (panel excluded) smd_ic=1	Strong	18
robgmsn/gmsn	pureModular/pureQuantiser	both	eagle packages (files=2: Pure Quantiser Panel.brd, Pure Quantiser.brd): smd=46 tht_passive=39 tht_to=0 tht_ic=0 (panel excluded) smd_ic=5	Strong	18
seismicindustries/spink0	.	SMD	eagle packages (files=1: pink-0.brd): smd=24 tht_passive=1 tht_to=0 tht_ic=0 (panel excluded) smd_ic=2	Strong	18
seismicindustries/spink0	hardware/spink0_adaption/060_spink0_DB	SMD	kicad footprints (files=1: pink0.kicad_pcb): smd=18 tht_passive=0 tht_to=0 tht_ic=0 (panel excluded) smd_ic=0	Strong	18
seismicindustries/spink0	hardware/spink0_adaption/060_spink0_MB	SMD	kicad footprints (files=4: pink0_FrontPanel.kicad_pcb, pink0_mergeMK1.kicad_pcb, pink0.kicad_pcb, pink0_FrontPanel.kicad_pcb): smd=82 tht_passive=0 tht_to=0 tht_ic=0 (panel excluded) smd_ic=2	Strong	18
seismicindustries/spink0	hardware/spink0_adaption/060_spink0_MB/merge	SMD	kicad footprints (files=2: pink0_FrontPanel.kicad_pcb, pink0_mergeMK1.kicad_pcb): smd=50 tht_passive=0 tht_to=0 tht_ic=0 (panel excluded) smd_ic=1	Strong	18
shannon-greenlight/bonkulator	.	SMD	kicad footprints (files=2: main_board.kicad_pcb, panel.kicad_pcb): smd=189 tht_passive=0 tht_to=0 tht_ic=0 (panel excluded) smd_ic=18	Strong	18
shannon-greenlight/bonkulator	BonkDaddy/BonkDaddy2HP_Board	SMD	kicad footprints (files=1: BonkDaddy2HP_Board.kicad_pcb): smd=14 tht_passive=0 tht_to=0 tht_ic=0 (panel excluded) smd_ic=1	Strong	18
shannon-greenlight/bonkulator	BonkDaddy/BonkDaddy2HP_Panel		no .kicad_pcb, EasyEDA JSON, Eagle .brd or machine-readable BOM in scope	Deferred	18
shannon-greenlight/bonkulator	BonkDaddy/BonkDaddyBoard	THT	kicad footprints (files=1: BonkDaddyBoard.kicad_pcb): smd=0 tht_passive=11 tht_to=2 tht_ic=1 (panel excluded) smd_ic=0	Strong	18
shannon-greenlight/bonkulator	BonkDaddy/BonkDaddyPanel		no .kicad_pcb, EasyEDA JSON, Eagle .brd or machine-readable BOM in scope	Deferred	18
Shayshez/EuroScope	.	SMD	eagle packages (files=1: DSO150_Conversion_Board_2_1.brd): smd=14 tht_passive=1 tht_to=0 tht_ic=0 (panel excluded) smd_ic=1	Strong	18
Shayshez/EuroScope	Expander	SMD	eagle packages (files=1: DSO_Expendr1_0.brd): smd=9 tht_passive=0 tht_to=0 tht_ic=0 (panel excluded) smd_ic=4	Strong	18
Shayshez/EuroScope	Legacy	THT	eagle packages (files=1: DSO150_Conversion_Board_1.0.brd): smd=0 tht_passive=3 tht_to=1 tht_ic=0 (panel excluded) smd_ic=0	Strong	18
squaresolid/benjolin_gorga	Benjolin Gorga	both	kicad footprints (files=2: Benjolin Gorga.kicad_pcb, benjolin_1.6_panel.kicad_pcb): smd=86 tht_passive=0 tht_to=2 tht_ic=1 (panel excluded) smd_ic=0	Strong	18
squaresolid/benjolin_gorga	Benjolin Gorga/Benjolin_Gorga_Panel		no .kicad_pcb, EasyEDA JSON, Eagle .brd or machine-readable BOM in scope	Deferred	18
squaresolid/benjolin_gorga	Benjolin Gorga/pcbway_production/2024-03-05-21-01-24	both	BOM (files=1: Benjolin Gorga/pcbway_production/2024-03-05-21-01-24/Benjolin Gorga.kicad_pcb_bom.csv): smd=90 tht_passive=40 tht_to=2 tht_ic=1 (panel excluded) smd_ic=0	Stated	18
StudioKAT/DualTimbre	v1.0	SMD	kicad footprints (files=1: Dual Timbre_v1.0.kicad_pcb): smd=113 tht_passive=0 tht_to=0 tht_ic=0 (panel excluded) smd_ic=6	Strong	18
StudioKAT/DualTimbre	v1.1	SMD	kicad footprints (files=1: Dual Timbre_v1.1.kicad_pcb): smd=113 tht_passive=0 tht_to=0 tht_ic=0 (panel excluded) smd_ic=6	Strong	18
StudioKAT/R2R-DAC	v1.0	SMD	kicad footprints (files=1: R2R DAC.kicad_pcb): smd=17 tht_passive=0 tht_to=0 tht_ic=0 (panel excluded) smd_ic=1	Strong	18
StudioKAT/R2R-DAC	v2.0	SMD	kicad footprints (files=1: R2R DAC v2.kicad_pcb): smd=26 tht_passive=0 tht_to=0 tht_ic=0 (panel excluded) smd_ic=2	Strong	18
StudioKAT/Toolbox	v1.0	SMD	kicad footprints (files=1: Toolbox_v1.0.kicad_pcb): smd=203 tht_passive=2 tht_to=0 tht_ic=0 (panel excluded) smd_ic=12	Strong	18
StudioKAT/Toolbox	v2.1	SMD	kicad footprints (files=1: Toolbox_v2.1.kicad_pcb): smd=205 tht_passive=1 tht_to=0 tht_ic=0 (panel excluded) smd_ic=14	Strong	18
svgeesus/ondesModulaire	dual comparator	THT	eagle packages (files=1: comparator.brd): smd=0 tht_passive=27 tht_to=0 tht_ic=4 (panel excluded) smd_ic=0	Strong	18
svgeesus/ondesModulaire	keyboard	both	eagle packages (files=2: dac2b-only.brd, matrix-only.brd): smd=1 tht_passive=18 tht_to=0 tht_ic=3 (panel excluded) smd_ic=1	Strong	18
svgeesus/ondesModulaire	offsets	both	eagle packages (files=2: offsets-7x.brd, offsets.brd): smd=104 tht_passive=26 tht_to=0 tht_ic=2 (panel excluded) smd_ic=6	Strong	18
svgeesus/ondesModulaire	precision rectifier	THT	eagle packages (files=1: offset_rectifier.brd): smd=0 tht_passive=25 tht_to=0 tht_ic=4 (panel excluded) smd_ic=0	Strong	18
svgeesus/ondesModulaire	transpositeurs	both	eagle packages (files=1: digibuttons.brd): smd=16 tht_passive=10 tht_to=0 tht_ic=1 (panel excluded) smd_ic=3	Strong	18
TomWhitwell/TuringMachine	.	THT	eagle packages (files=3: TuringBack.brd, TuringFront.brd, TuringPanel.brd): smd=0 tht_passive=76 tht_to=4 tht_ic=10 (panel excluded) smd_ic=0	Strong	18
TomWhitwell/TuringMachine	Collateral/Older Versions	THT	eagle packages (files=1: TuringMachine_singleBoard.brd): smd=0 tht_passive=70 tht_to=4 tht_ic=10 (panel excluded) smd_ic=0	Strong	18
TomWhitwell/TuringMachine	Collateral/PDF Schematics		no .kicad_pcb, EasyEDA JSON, Eagle .brd or machine-readable BOM in scope	Deferred	18
vaeinoe/moraydular	156bus_narrow		no .kicad_pcb, EasyEDA JSON, Eagle .brd or machine-readable BOM in scope	Deferred	18
vaeinoe/moraydular	my_little_euro		no .kicad_pcb, EasyEDA JSON, Eagle .brd or machine-readable BOM in scope	Deferred	18
vaeinoe/moraydular	powerbus		no .kicad_pcb, EasyEDA JSON, Eagle .brd or machine-readable BOM in scope	Deferred	18
vaeinoe/moraydular	virta		no .kicad_pcb, EasyEDA JSON, Eagle .brd or machine-readable BOM in scope	Deferred	18
VoltageFoundryMod/IRONMix	.	SMD	kicad footprints (files=2: 4HP_Front_panel.kicad_pcb, IRONMix.kicad_pcb): smd=61 tht_passive=4 tht_to=0 tht_ic=0 (panel excluded) smd_ic=5	Strong	18
VoltageFoundryMod/IRONMix	V1	SMD	kicad footprints (files=2: IRONMix_Frontboard_V1.kicad_pcb, IRONMix_Mainboard_V1.kicad_pcb): smd=61 tht_passive=4 tht_to=0 tht_ic=0 (panel excluded) smd_ic=5	Strong	18
VoltageFoundryMod/IRONMix	V1/jlcpcb	SMD	BOM (files=3: V1/jlcpcb/production_files/BOM-4HP_Front_panel.csv, V1/jlcpcb/production_files/BOM-IRONMix_Frontboard_V1.csv, V1/jlcpcb/production_files/BOM-IRONMix_Mainboard_V1.csv): smd=61 tht_passive=4 tht_to=0 tht_ic=0 (panel excluded) smd_ic=5	Stated	18
vonkonow/LEET-Modular	.		no .kicad_pcb, EasyEDA JSON, Eagle .brd or machine-readable BOM in scope	Deferred	18
vonkonow/LEET-Modular	build_pcb		no .kicad_pcb, EasyEDA JSON, Eagle .brd or machine-readable BOM in scope	Deferred	18
vult-dsp/Vult-DIY-Resources	Fuser		no .kicad_pcb, EasyEDA JSON, Eagle .brd or machine-readable BOM in scope	Deferred	18
vult-dsp/Vult-DIY-Resources	Vorg		no .kicad_pcb, EasyEDA JSON, Eagle .brd or machine-readable BOM in scope	Deferred	18
vult-dsp/Vult-DIY-Resources	Wolv		no .kicad_pcb, EasyEDA JSON, Eagle .brd or machine-readable BOM in scope	Deferred	18
wntrblm/Helium	.	SMD	kicad footprints (files=1: board.kicad_pcb): smd=45 tht_passive=0 tht_to=0 tht_ic=0 (panel excluded) smd_ic=4	Strong	18
wntrblm/Helium	hardware/faceplate		no .kicad_pcb, EasyEDA JSON, Eagle .brd or machine-readable BOM in scope	Deferred	18
wntrblm/Helium	hardware/hubble-lens	SMD	kicad footprints (files=1: hubble-lens.kicad_pcb): smd=3 tht_passive=0 tht_to=0 tht_ic=0 (panel excluded) smd_ic=3	Strong	18
wntrblm/Neptune	.	SMD	kicad footprints (files=1: mainboard.kicad_pcb): smd=209 tht_passive=0 tht_to=0 tht_ic=0 (panel excluded) smd_ic=6	Strong	18
wntrblm/Neptune	hardware/faceplate		no .kicad_pcb, EasyEDA JSON, Eagle .brd or machine-readable BOM in scope	Deferred	18
wntrblm/Neptune	hardware/hubble-lens	SMD	kicad footprints (files=1: hubble-lens.kicad_pcb): smd=23 tht_passive=0 tht_to=0 tht_ic=0 (panel excluded) smd_ic=0	Strong	18
wntrblm/Speak_to_Me	.	SMD	kicad footprints (files=1: board.kicad_pcb): smd=40 tht_passive=0 tht_to=0 tht_ic=0 (panel excluded) smd_ic=2	Strong	18
wntrblm/Speak_to_Me	hardware/faceplate		no .kicad_pcb, EasyEDA JSON, Eagle .brd or machine-readable BOM in scope	Deferred	18
wntrblm/Speak_to_Me	hardware/headphone-breakout		no .kicad_pcb, EasyEDA JSON, Eagle .brd or machine-readable BOM in scope	Deferred	18
wntrblm/Speak_to_Me	hardware/hubble-lens		no .kicad_pcb, EasyEDA JSON, Eagle .brd or machine-readable BOM in scope	Deferred	18
acobley/Analog-Voice	AJH_100_ADSR	SMD	eagle packages (files=1: AJH_100m_ADSR_1_0.brd): smd=56 tht_passive=1 tht_to=0 tht_ic=0 (panel excluded) smd_ic=12	Strong	18
acobley/Analog-Voice	AJH_2V_VCA	SMD	eagle packages (files=1: AJH_2v_v1_03.brd): smd=73 tht_passive=0 tht_to=0 tht_ic=0 (panel excluded) smd_ic=4	Strong	18
acobley/Analog-Voice	AJH_Headphone_Amp	SMD	eagle packages (files=1: AJH_HeadphoneAmp_01.brd): smd=18 tht_passive=1 tht_to=0 tht_ic=0 (panel excluded) smd_ic=0	Strong	18
acobley/Analog-Voice	AJH_LPG	SMD	eagle packages (files=1: lpg_v21_4hp.brd): smd=38 tht_passive=2 tht_to=0 tht_ic=0 (panel excluded) smd_ic=2	Strong	18
acobley/Analog-Voice	AJH_SSI2144	SMD	eagle packages (files=1: AJH_ss12144_01_4hp.brd): smd=46 tht_passive=0 tht_to=0 tht_ic=0 (panel excluded) smd_ic=2	Strong	18
acobley/Analog-Voice	AJH_Wasp	SMD	eagle packages (files=1: AJH_Wasp_1_0.brd): smd=61 tht_passive=2 tht_to=0 tht_ic=0 (panel excluded) smd_ic=4	Strong	18
acobley/Analog-Voice	AJH_as3310_DUAL_ASR	SMD	eagle packages (files=1: AJH_as3310_DUAL_ASR_02_4hp.brd): smd=47 tht_passive=0 tht_to=0 tht_ic=0 (panel excluded) smd_ic=4	Strong	18
acobley/Analog-Voice	AJH_as3320_HPF	SMD	eagle packages (files=1: AJH_as3320_HPF_03_4hp.brd): smd=42 tht_passive=0 tht_to=0 tht_ic=0 (panel excluded) smd_ic=3	Strong	18
acobley/Analog-Voice	AJH_as3320_LPF	both	eagle packages (files=1: AJH_as3320_21_4hp.brd): smd=45 tht_passive=0 tht_to=0 tht_ic=1 (panel excluded) smd_ic=2	Strong	18
acobley/Analog-Voice	AJH_as3340_VCO	SMD	eagle packages (files=1: AJH_as3340_20.brd): smd=81 tht_passive=2 tht_to=0 tht_ic=0 (panel excluded) smd_ic=6	Strong	18
acobley/Analog-Voice	AJH_module_tester	SMD	eagle packages (files=1: AJH_module_tester-v02_11.brd): smd=99 tht_passive=3 tht_to=0 tht_ic=0 (panel excluded) smd_ic=8	Strong	18
acobley/Analog-Voice	AS3320-24BP	both	eagle packages (files=1: as3320-24BP.brd): smd=76 tht_passive=0 tht_to=0 tht_ic=1 (panel excluded) smd_ic=7	Strong	18
acobley/Analog-Voice	as3320-Vowel	both	eagle packages (files=2: as3320-Bandpass.brd, as3320-Vowel-1.brd): smd=184 tht_passive=0 tht_to=0 tht_ic=5 (panel excluded) smd_ic=10	Strong	18
acobley/Analog-Voice	as3320_BP	both	eagle packages (files=1: as3320-Bandpass.brd): smd=45 tht_passive=0 tht_to=0 tht_ic=1 (panel excluded) smd_ic=2	Strong	18
BleepSound/ms20-vcf-double	.		no .kicad_pcb, EasyEDA JSON, Eagle .brd or machine-readable BOM in scope	Deferred	18
BleepSound/ms20-vcf-double	fabrication	both	kicad footprints (files=3: MS20-VCF.kicad_pcb, MS20-VCF.kicad_pcb, MS20-VCF.kicad_pcb): smd=2 tht_passive=74 tht_to=4 tht_ic=2 (panel excluded) smd_ic=2	Strong	18
BleepSound/ms20-vcf-double	fabrication/circuitboard	both	kicad footprints (files=1: MS20-VCF.kicad_pcb): smd=2 tht_passive=62 tht_to=4 tht_ic=2 (panel excluded) smd_ic=2	Strong	18
BleepSound/ms20-vcf-double	fabrication/circuitboard/JLCPCB		no .kicad_pcb, EasyEDA JSON, Eagle .brd or machine-readable BOM in scope	Deferred	18
BleepSound/ms20-vcf-double	fabrication/jackboard	THT	kicad footprints (files=1: MS20-VCF.kicad_pcb): smd=0 tht_passive=12 tht_to=0 tht_ic=0 (panel excluded) smd_ic=0	Strong	18
BleepSound/ms20-vcf-double	fabrication/jackboard/JLCPCB		no .kicad_pcb, EasyEDA JSON, Eagle .brd or machine-readable BOM in scope	Deferred	18
BleepSound/ms20-vcf-double	kicad-global	both	kicad footprints (files=1: MS20-VCF.kicad_pcb): smd=2 tht_passive=74 tht_to=4 tht_ic=2 (panel excluded) smd_ic=2	Strong	18
BurningForceKin/ModularSynthStuff	Distortion		no .kicad_pcb, EasyEDA JSON, Eagle .brd or machine-readable BOM in scope	Deferred	18
BurningForceKin/ModularSynthStuff	HeadphoneOutV1		no .kicad_pcb, EasyEDA JSON, Eagle .brd or machine-readable BOM in scope	Deferred	18
BurningForceKin/ModularSynthStuff	Omnitool		no .kicad_pcb, EasyEDA JSON, Eagle .brd or machine-readable BOM in scope	Deferred	18
BurningForceKin/ModularSynthStuff	Paco		no .kicad_pcb, EasyEDA JSON, Eagle .brd or machine-readable BOM in scope	Deferred	18
BurningForceKin/ModularSynthStuff	Tuner		no .kicad_pcb, EasyEDA JSON, Eagle .brd or machine-readable BOM in scope	Deferred	18
BurningForceKin/ModularSynthStuff	Wesp		no .kicad_pcb, EasyEDA JSON, Eagle .brd or machine-readable BOM in scope	Deferred	18
coriolisinstruments/EurorackModules	1Utilities/1U_LPG/hardware/1u_lpg	THT	kicad footprints (files=1: 1u_lpg.kicad_pcb): smd=0 tht_passive=4 tht_to=0 tht_ic=0 (panel excluded) smd_ic=0	Strong	18
coriolisinstruments/EurorackModules	1Utilities/1U_LPG/hardware/1u_lpg_panel		no .kicad_pcb, EasyEDA JSON, Eagle .brd or machine-readable BOM in scope	Deferred	18
coriolisinstruments/EurorackModules	1Utilities/1U_Mult/hardware/1u_mult		no .kicad_pcb, EasyEDA JSON, Eagle .brd or machine-readable BOM in scope	Deferred	18
coriolisinstruments/EurorackModules	1Utilities/1U_Mult/hardware/1u_mult_panel		no .kicad_pcb, EasyEDA JSON, Eagle .brd or machine-readable BOM in scope	Deferred	18
coriolisinstruments/EurorackModules	1Utilities/1U_Mute/hardware/1u_mute		no .kicad_pcb, EasyEDA JSON, Eagle .brd or machine-readable BOM in scope	Deferred	18
coriolisinstruments/EurorackModules	1Utilities/1U_Mute/hardware/1u_mute_panel		no .kicad_pcb, EasyEDA JSON, Eagle .brd or machine-readable BOM in scope	Deferred	18
coriolisinstruments/EurorackModules	Corona/hardware	THT	kicad footprints (files=3: Corona_mainBoard.kicad_pcb, Corona_tubeBoard.kicad_pcb, Corona_panel_16hp.kicad_pcb): smd=0 tht_passive=60 tht_to=5 tht_ic=4 (panel excluded) smd_ic=0	Strong	18
coriolisinstruments/EurorackModules	Corona/hardware/Corona_KiCad	THT	kicad footprints (files=2: Corona_mainBoard.kicad_pcb, Corona_tubeBoard.kicad_pcb): smd=0 tht_passive=60 tht_to=5 tht_ic=4 (panel excluded) smd_ic=0	Strong	18
coriolisinstruments/EurorackModules	Multibus/hardware/Multibus	SMD	kicad footprints (files=2: Multibus_frontboard.kicad_pcb, Multibus_mainboard.kicad_pcb): smd=121 tht_passive=4 tht_to=0 tht_ic=0 (panel excluded) smd_ic=9	Strong	18
coriolisinstruments/EurorackModules	Multibus/hardware/Multibus_panel		no .kicad_pcb, EasyEDA JSON, Eagle .brd or machine-readable BOM in scope	Deferred	18
coriolisinstruments/EurorackModules	PSUCompanion/hardware/psucompanion	THT	kicad footprints (files=1: PSUCompanion.kicad_pcb): smd=0 tht_passive=11 tht_to=2 tht_ic=0 (panel excluded) smd_ic=0	Strong	18
coriolisinstruments/EurorackModules	SnackBus_PSU	THT	kicad footprints (files=1: SnackBus_PSU.kicad_pcb): smd=0 tht_passive=11 tht_to=1 tht_ic=0 (panel excluded) smd_ic=0	Strong	18
coriolisinstruments/EurorackModules	SnackBus_PSU/hardware	THT	kicad footprints (files=1: SnackBus_PSU.kicad_pcb): smd=0 tht_passive=11 tht_to=1 tht_ic=0 (panel excluded) smd_ic=0	Strong	18
coriolisinstruments/EurorackModules	Templates	THT	eagle packages (files=1: EagleTemplate.brd): smd=0 tht_passive=15 tht_to=2 tht_ic=0 (panel excluded) smd_ic=0	Strong	18
coriolisinstruments/EurorackModules	Templates/Kicad_template		1 .kicad_pcb fetched but held no footprints (LFS stub or empty board?): Kicad_template.kicad_pcb (51 bytes)	Deferred	18
Cs4System/Eurorack	Betula	SMD	kicad footprints (files=5: Betula_ADAT.kicad_pcb, Betula_Input.kicad_pcb, Betula_Main.kicad_pcb, Betula_Output.kicad_pcb, Betula_Panel.kicad_pcb): smd=271 tht_passive=0 tht_to=0 tht_ic=0 (panel excluded) smd_ic=28	Strong	18
Cs4System/Eurorack	Betula/Betula_ADAT	SMD	kicad footprints (files=1: Betula_ADAT.kicad_pcb): smd=3 tht_passive=0 tht_to=0 tht_ic=0 (panel excluded) smd_ic=0	Strong	18
Cs4System/Eurorack	Betula/Betula_Input	SMD	kicad footprints (files=1: Betula_Input.kicad_pcb): smd=52 tht_passive=0 tht_to=0 tht_ic=0 (panel excluded) smd_ic=6	Strong	18
Cs4System/Eurorack	Betula/Betula_Main	SMD	kicad footprints (files=1: Betula_Main.kicad_pcb): smd=156 tht_passive=0 tht_to=0 tht_ic=0 (panel excluded) smd_ic=16	Strong	18
Cs4System/Eurorack	Betula/Betula_Output	SMD	kicad footprints (files=1: Betula_Output.kicad_pcb): smd=60 tht_passive=0 tht_to=0 tht_ic=0 (panel excluded) smd_ic=6	Strong	18
Cs4System/Eurorack	Dual Ears	SMD	kicad footprints (files=2: dual_ears.kicad_pcb, panel.kicad_pcb): smd=108 tht_passive=0 tht_to=0 tht_ic=0 (panel excluded) smd_ic=6	Strong	18
Cs4System/Eurorack	Salix	SMD	kicad footprints (files=2: Salix_VCF.kicad_pcb, panel.kicad_pcb): smd=94 tht_passive=4 tht_to=0 tht_ic=0 (panel excluded) smd_ic=6	Strong	18
Cs4System/Eurorack	Salix/Documentaion		no .kicad_pcb, EasyEDA JSON, Eagle .brd or machine-readable BOM in scope	Deferred	18
Cs4System/Eurorack	Transistor_Ladder_VCF	SMD	kicad footprints (files=2: Transistor_Ladder_VCF.kicad_pcb, panel.kicad_pcb): smd=94 tht_passive=4 tht_to=0 tht_ic=0 (panel excluded) smd_ic=6	Strong	18
diysynth/EURORACK-MODULES	3320 VCF (6HP)		no .kicad_pcb, EasyEDA JSON, Eagle .brd or machine-readable BOM in scope	Deferred	18
diysynth/EURORACK-MODULES	BUFFERED MULTIPLE (3HP)		no .kicad_pcb, EasyEDA JSON, Eagle .brd or machine-readable BOM in scope	Deferred	18
diysynth/EURORACK-MODULES	CYCLING ENVELOPE GENERATOR (4HP)		no .kicad_pcb, EasyEDA JSON, Eagle .brd or machine-readable BOM in scope	Deferred	18
diysynth/EURORACK-MODULES	DIGILFO (6HP)		no .kicad_pcb, EasyEDA JSON, Eagle .brd or machine-readable BOM in scope	Deferred	18
diysynth/EURORACK-MODULES	LOOPING A-R		fetch failed for 1 file(s) at 63c9945 - re-run, do not read as absence	Deferred	18
diysynth/EURORACK-MODULES	NOISE LAB (3HP)		no .kicad_pcb, EasyEDA JSON, Eagle .brd or machine-readable BOM in scope	Deferred	18
diysynth/EURORACK-MODULES	OFFSET-GAIN UTILITY (4HP)		no .kicad_pcb, EasyEDA JSON, Eagle .brd or machine-readable BOM in scope	Deferred	18
diysynth/EURORACK-MODULES	PASSIVE LOW PASS GATE (2HP)		no .kicad_pcb, EasyEDA JSON, Eagle .brd or machine-readable BOM in scope	Deferred	18
diysynth/EURORACK-MODULES	PSU (6HP)		no .kicad_pcb, EasyEDA JSON, Eagle .brd or machine-readable BOM in scope	Deferred	18
diysynth/EURORACK-MODULES	SUB MODULATOR (6HP)		no .kicad_pcb, EasyEDA JSON, Eagle .brd or machine-readable BOM in scope	Deferred	18
DJmerkury/SoundFlask	Adder		no .kicad_pcb, EasyEDA JSON, Eagle .brd or machine-readable BOM in scope	Deferred	18
DJmerkury/SoundFlask	Bunsen		no .kicad_pcb, EasyEDA JSON, Eagle .brd or machine-readable BOM in scope	Deferred	18
DJmerkury/SoundFlask	CableTester	THT	eagle packages (files=1: Cable Tester.brd): smd=0 tht_passive=9 tht_to=0 tht_ic=2 (panel excluded) smd_ic=0	Strong	18
DJmerkury/SoundFlask	Crucible		no .kicad_pcb, EasyEDA JSON, Eagle .brd or machine-readable BOM in scope	Deferred	18
DJmerkury/SoundFlask	DualRectify		no .kicad_pcb, EasyEDA JSON, Eagle .brd or machine-readable BOM in scope	Deferred	18
DJmerkury/SoundFlask	Pipet		no .kicad_pcb, EasyEDA JSON, Eagle .brd or machine-readable BOM in scope	Deferred	18
DJmerkury/SoundFlask	PowerBus		no .kicad_pcb, EasyEDA JSON, Eagle .brd or machine-readable BOM in scope	Deferred	18
DJmerkury/SoundFlask	Ring		no .kicad_pcb, EasyEDA JSON, Eagle .brd or machine-readable BOM in scope	Deferred	18
dslamnig/GHOQ	PLLHO		no .kicad_pcb, EasyEDA JSON, Eagle .brd or machine-readable BOM in scope	Deferred	18
dslamnig/GHOQ	PLLHO/board_A_build		no .kicad_pcb, EasyEDA JSON, Eagle .brd or machine-readable BOM in scope	Deferred	18
dslamnig/GHOQ	PLLHO/board_B_build		no .kicad_pcb, EasyEDA JSON, Eagle .brd or machine-readable BOM in scope	Deferred	18
dslamnig/GHOQ	PLLHO/board_C_build		no .kicad_pcb, EasyEDA JSON, Eagle .brd or machine-readable BOM in scope	Deferred	18
dslamnig/GHOQ	PLLHO/board_D_build		no .kicad_pcb, EasyEDA JSON, Eagle .brd or machine-readable BOM in scope	Deferred	18
dslamnig/GHOQ	PLLHO/board_E_build		no .kicad_pcb, EasyEDA JSON, Eagle .brd or machine-readable BOM in scope	Deferred	18
dslamnig/GHOQ	PLLHO/module_build		no .kicad_pcb, EasyEDA JSON, Eagle .brd or machine-readable BOM in scope	Deferred	18
gridbugs/briefcase-synth	attenuverter		1 .kicad_pcb fetched but held no footprints (LFS stub or empty board?): attenuverter.kicad_pcb (79 bytes)	Deferred	18
gridbugs/briefcase-synth	clock		1 .kicad_pcb fetched but held no footprints (LFS stub or empty board?): schematic.kicad_pcb (79 bytes)	Deferred	18
gridbugs/briefcase-synth	dual-mixer		1 .kicad_pcb fetched but held no footprints (LFS stub or empty board?): dual-mixer.kicad_pcb (79 bytes)	Deferred	18
gridbugs/briefcase-synth	envelope-generator		1 .kicad_pcb fetched but held no footprints (LFS stub or empty board?): envelope-generator.kicad_pcb (79 bytes)	Deferred	18
gridbugs/briefcase-synth	low-frequency-mixer		1 .kicad_pcb fetched but held no footprints (LFS stub or empty board?): low-frequency-mixer.kicad_pcb (79 bytes)	Deferred	18
gridbugs/briefcase-synth	low-pass-filter	THT	kicad footprints (files=1: low-pass-filter.kicad_pcb): smd=0 tht_passive=26 tht_to=2 tht_ic=3 (panel excluded) smd_ic=0	Strong	18
gridbugs/briefcase-synth	low-pass-filter/simple-self-oscillator		1 .kicad_pcb fetched but held no footprints (LFS stub or empty board?): simple-self-oscillator.kicad_pcb (79 bytes)	Deferred	18
gridbugs/briefcase-synth	mixer		1 .kicad_pcb fetched but held no footprints (LFS stub or empty board?): mixer.kicad_pcb (79 bytes)	Deferred	18
gridbugs/briefcase-synth	oscillator		2 .kicad_pcb fetched but held no footprints (LFS stub or empty board?): oscillator.kicad_pcb (79 bytes), simplest-3340-circuit.kicad_pcb (79 bytes)	Deferred	18
gridbugs/briefcase-synth	oscillator/simplest-3340-circuit		1 .kicad_pcb fetched but held no footprints (LFS stub or empty board?): simplest-3340-circuit.kicad_pcb (79 bytes)	Deferred	18
gridbugs/briefcase-synth	power-supply		1 .kicad_pcb fetched but held no footprints (LFS stub or empty board?): power-supply.kicad_pcb (79 bytes)	Deferred	18
gridbugs/briefcase-synth	quantizer		1 .kicad_pcb fetched but held no footprints (LFS stub or empty board?): quantizer.kicad_pcb (79 bytes)	Deferred	18
gridbugs/briefcase-synth	reverb		1 .kicad_pcb fetched but held no footprints (LFS stub or empty board?): reverb.kicad_pcb (79 bytes)	Deferred	18
gridbugs/briefcase-synth	sample-and-hold		1 .kicad_pcb fetched but held no footprints (LFS stub or empty board?): sample-and-hold.kicad_pcb (79 bytes)	Deferred	18
hires/Dintree	D100-Quad_VCA		no .kicad_pcb, EasyEDA JSON, Eagle .brd or machine-readable BOM in scope	Deferred	18
hires/Dintree	D101-Dual_Envelope		no .kicad_pcb, EasyEDA JSON, Eagle .brd or machine-readable BOM in scope	Deferred	18
hires/Dintree	D102-Output_Mixer		no .kicad_pcb, EasyEDA JSON, Eagle .brd or machine-readable BOM in scope	Deferred	18
hires/Dintree	D103-Reverb_Delay		no .kicad_pcb, EasyEDA JSON, Eagle .brd or machine-readable BOM in scope	Deferred	18
hires/Dintree	D104-Four_Vs		no .kicad_pcb, EasyEDA JSON, Eagle .brd or machine-readable BOM in scope	Deferred	18
hires/Dintree	D105-Quad_CV_Proc		no .kicad_pcb, EasyEDA JSON, Eagle .brd or machine-readable BOM in scope	Deferred	18
hires/Dintree	D106-Step_Sequencer		no .kicad_pcb, EasyEDA JSON, Eagle .brd or machine-readable BOM in scope	Deferred	18
hires/Dintree	D107-Slew		no .kicad_pcb, EasyEDA JSON, Eagle .brd or machine-readable BOM in scope	Deferred	18
hires/Dintree	D112-Power_Supply		no .kicad_pcb, EasyEDA JSON, Eagle .brd or machine-readable BOM in scope	Deferred	18
hires/Dintree	D41-Violin_Pre		no .kicad_pcb, EasyEDA JSON, Eagle .brd or machine-readable BOM in scope	Deferred	18
hires/Dintree	DSupply-Power_Supply		no .kicad_pcb, EasyEDA JSON, Eagle .brd or machine-readable BOM in scope	Deferred	18
jhbruhn/eurorack	bus/hardware_design	THT	eagle packages (files=1: bus.brd): smd=0 tht_passive=8 tht_to=0 tht_ic=0 (panel excluded) smd_ic=0	Strong	18
jhbruhn/eurorack	deprecated/midi2cv/hardware_design	SMD	eagle packages (files=1: pure_midi.brd): smd=77 tht_passive=1 tht_to=0 tht_ic=0 (panel excluded) smd_ic=7	Strong	18
jhbruhn/eurorack	out/hardware_design	both	eagle packages (files=1: out.brd): smd=62 tht_passive=14 tht_to=0 tht_ic=0 (panel excluded) smd_ic=8	Strong	18
jhbruhn/eurorack	stereo_mix/hardware_design	SMD	eagle packages (files=1: stereo_mix.brd): smd=197 tht_passive=1 tht_to=0 tht_ic=0 (panel excluded) smd_ic=20	Strong	18
jhbruhn/eurorack	vca/hardware_design	SMD	eagle packages (files=1: vca.brd): smd=91 tht_passive=0 tht_to=0 tht_ic=0 (panel excluded) smd_ic=10	Strong	18
jhbruhn/eurorack	vcf-20/hardware_design	SMD	eagle packages (files=1: vcf20.brd): smd=46 tht_passive=0 tht_to=0 tht_ic=0 (panel excluded) smd_ic=6	Strong	18
jhbruhn/eurorack	vcf-leiter/hardware_design	SMD	eagle packages (files=1: vcf_leiter.brd): smd=49 tht_passive=0 tht_to=0 tht_ic=0 (panel excluded) smd_ic=3	Strong	18
little-scale/eurorack	4000-series	THT	eagle packages (files=4: 4022_counter.brd, 4024_bin_counter.brd, 4028_bcd.brd, 4093_quad_lfo.brd): smd=0 tht_passive=112 tht_to=0 tht_ic=4 (panel excluded) smd_ic=0	Strong	18
little-scale/eurorack	USB_MIDI_12_gate_16_cv_interface	THT	eagle packages (files=1: usb_midi_12_gate_16_cv_interface.brd): smd=0 tht_passive=40 tht_to=0 tht_ic=10 (panel excluded) smd_ic=0	Strong	18
little-scale/eurorack	USB_MIDI_Host	THT	eagle packages (files=1: usb_host_eurorack.brd): smd=0 tht_passive=15 tht_to=0 tht_ic=1 (panel excluded) smd_ic=0	Strong	18
little-scale/eurorack	chromatic_drum_gate_sync	THT	eagle packages (files=1: chromatic_drum_gate_sync.brd): smd=0 tht_passive=12 tht_to=0 tht_ic=1 (panel excluded) smd_ic=0	Strong	18
little-scale/eurorack	euroWS2811		no .kicad_pcb, EasyEDA JSON, Eagle .brd or machine-readable BOM in scope	Deferred	18
little-scale/eurorack	eurocon_board_quad	THT	eagle packages (files=1: eurocon_board_04.brd): smd=0 tht_passive=1 tht_to=0 tht_ic=0 (panel excluded) smd_ic=0	Strong	18
little-scale/eurorack	exo_sequencer	THT	eagle packages (files=2: exo_sequencer.brd, exo_sequencer_back.brd): smd=0 tht_passive=56 tht_to=0 tht_ic=0 (panel excluded) smd_ic=0	Strong	18
little-scale/eurorack	quad_probability_gate	THT	eagle packages (files=1: quad_probability_gate.brd): smd=0 tht_passive=16 tht_to=1 tht_ic=1 (panel excluded) smd_ic=0	Strong	18
matthewcieplak/super-sixteen	.	both	kicad footprints (files=1: Super Sixteen v1.kicad_pcb): smd=1 tht_passive=68 tht_to=11 tht_ic=5 (panel excluded) smd_ic=1	Strong	18
