id	repo	placement_files	placed_refs	sides	bom_files	smd_with_lcsc	smd_with_pn	refs_not_on_board	grade	part_numbers
p71	kevinkewang/tiny_rack	v1/power pcb/tiny-psu-main/smt/pnp.csv	24 (24 SMD)	bottom=24	v1/power pcb/tiny-psu-main/smt/bom.csv	23	23		cpl-ready	
p72	kevinkewang/tiny_rack	v2/pcb/SMT/psu_core_PnP.csv; v2/pcb/SMT/psu_exp_170_PnP.csv; v2/pcb/SMT/psu_exp_250_pnp.csv	62 (62 SMD)	bottom=15 top=66	v2/pcb/SMT/psu_core_BOM.csv; v2/pcb/SMT/psu_exp_170_BOM.csv; v2/pcb/SMT/psu_exp_250_BOM.csv	62	62		parts-identified	LCSC
p73	AfterLaterAudio/Eurorack	Baker/BAKER V1.1b Pick and Place.xlsx	119 (82 SMD, 29 unclassified)	bottom=27 top=92	Baker/BAKER V1 BOM - Full Assembly.xlsx	79	82		parts-identified	mixed
p74	AfterLaterAudio/Eurorack	Popple/Popple V1.1 Pick and Place.xlsx	173 (149 SMD, 12 unclassified)	bottom=157 top=16	Popple/Popple V1.1.2 BOM - Full Assembly.xlsx	146	148		cpl-ready	
p75	AfterLaterAudio/Eurorack	Rainier/RAINIER V1.0b Pick and Place.xlsx	130 (91 SMD, 31 unclassified)	bottom=29 top=101	Rainier/RAINIER V1 BOM - Full Assembly.xlsx	87	91		parts-identified	mixed
p175	508-loop-detected/burst	PickAndPlace_PCB_burst-back-v1.0_2022-12-26.csv; PickAndPlace_PCB_burst-front-v1.0_2022-12-26.csv	102 (91 SMD, 11 unclassified)	bottom=87 top=28	BOM_PCB_burst-back-v1.0_2022-12-26.csv; BOM_PCB_burst-front-v1.0_2022-12-26.csv; fixed-BOM_PCB_burst-back-v1.0_2022-12-26.csv; fixed-BOM_PCB_burst-front-v1.0_2022-12-26.csv	0	0		cpl-ready	
p176	508-loop-detected/minibounce	PickAndPlace_PCB_bounce-mini-daughtercard-v5_2023-08-19.csv; PickAndPlace_bouncer-mini-io-pcb-staggered-v5-final_2023-08-19.csv; PickAndPlace_minibounce-v5-back-pcb_2023-08-19.csv	128 (87 SMD, 29 unclassified)	bottom=72 top=67	BOM_bounce-mini-back-1_2021-10-07.csv; BOM_bounce-mini-daughtercard_2021-10-07.csv; BOM_bounce-mini-io_2021-10-07.csv; fixed-BOM_bounce-mini-back-1_2021-10-07.csv; fixed-BOM_bounce-mini-daughtercard_2021-10-07.csv; fixed-BOM_bounce-mini-io_2021-10-07.csv	0	0		cpl-ready	
p178	508-loop-detected/quant	PickAndPlace_PCB_circuitpython-quantizer-io-v1_2023-12-30.csv; PickAndPlace_PCB_circuitpython-quantizer-main-new-w-rp2040-v2_2024-01-04.csv	95 (73 SMD, 20 unclassified)	bottom=61 top=49	BOM_PCB_circuitpython-quantizer-main-new-w-rp2040-v2_2024-01-04.csv; BOM_circuitpython-quantizer-io-v2.1_2024-02-04.csv; BOM_circuitpython-quantizer-io-v2_2024-01-11.csv; fixed-BOM_PCB_circuitpython-quantizer-main-new-w-rp2040-v2_2024-01-04.csv; fixed-BOM_circuitpython-quantizer-io-v2.1_2024-02-04.csv	0	0		cpl-ready	
p186	DatanoiseTV/USB-C-Eurorack-PSU	Gerbers_v10/v10_pnp.csv	45 (41 SMD, 4 unclassified)	top=45	Gerbers_v10/v10_bom.csv	0	0		cpl-ready	
p188	Fihdi/BIPO	BIPO B-Board-all-pos.csv; BIPO-B-Board-all-pos.csv	55 (55 SMD)	top=110	BIPO B-Board-BOM.csv; BIPO-B-Board-BOM.xlsx	0	0	0	cpl-ready	
p189	Fihdi/DICE	DICE-B-Board-all-pos.csv	61 (61 SMD)	top=61	DICE-B-Board-BOM.csv; DICE-B-Board-BOM.xlsx	0	0	0	cpl-ready	
p191	Fihdi/SVF12	SVF12-B-Board-all-pos.csv; VCFSMD-B-Board-all-pos.csv	54 (54 SMD)	top=106	SVF12-B-Board-BOM.csv; SVF12-B-Board-BOM.xlsx; SVF12-BOM-B-Board.xlsx	0	0	0	cpl-ready	
p192	Fihdi/UNO	UNO-B-Board-all-pos.csv	58 (58 SMD)	top=58	UNO-B-Board-BOM.csv; UNO-B-Board-BOM.xlsx	0	0	0	cpl-ready	
p193	Fihdi/VCAR	VCAR B-Board all-pos.csv	39 (39 SMD)	top=39	VCAR B-Board BOM.csv; VCAR B-Board BOM.xlsx	0	0	0	cpl-ready	
p205	StudioKAT/PassiveLPG1U	v1.0/Gerber_for_JLCPCB/Main/positions.csv	13 (7 SMD)	bottom=9 top=4	v1.0/Gerber_for_JLCPCB/Main/bom.csv	6	7	0	parts-identified	mixed
p206	StudioKAT/VintageDualVCA	v1.0/Gerber_for_JLCPCB/PCB/positions.csv	91 (72 SMD)	bottom=75 top=16	v1.0/Gerber_for_JLCPCB/PCB/bom.csv	72	72	0	parts-identified	LCSC
p218	TimoRozendal/time-machine	Hardware/time machine  v1.4 pcba - pnp.csv	11 (11 SMD)	bottom=11	Hardware/time machine  v1.4 full BOM.csv; Hardware/time machine  v1.4 pcba - bom.csv	11	11		parts-identified	LCSC
p220	WimOliphant/bergman-kassutronics-adsr-kicad-gerber	production/positions.csv	40 (0 SMD)	top=40	production/bom.csv	0	0	0	no-smd	
p221	WimOliphant/tb303_vcf_kicad_project_gerbers	production/positions.csv	69 (0 SMD)	top=69	production/bom.csv	0	0	0	no-smd	
p238	caseyjholmes/HMLFO	HMLFO_bottom_cpl.csv; HMLFO_top_cpl.csv	14 (14 SMD)	bottom=14	HMLFO_bottom_bom.csv; HMLFO_top_bom.csv	0	0		cpl-ready	
p240	caseyjholmes/MMPV3	PANS_bottom_cpl.csv; PANS_top_cpl.csv	44 (44 SMD)	bottom=34 top=10	PANS_bottom_bom.csv; PANS_top_bom.csv	0	0		cpl-ready	
p249	dchwebb/Ampelope	Hardware/Gerbers/Components/Ampelope_Components-all-pos.csv	115 (103 SMD)	bottom=4 top=111	Hardware/Gerbers/Components/Ampelope_Components_BOM.csv	89	89	0	cpl-ready	
p252	fablabnk/HeadPho	production/positions.csv	39 (0 SMD)	bottom=31 top=8	production/bom.csv	0	0	0	no-smd	
p266	kraakenstuff/Skis	Gerbers/Skis-bottom-pos.csv; Gerbers/Skis-top-pos.csv; Gerbers/Skis-top-pos.xlsx	73 (73 SMD)	top=146				0	cpl-ready	
p280	minisystem/JOVE	Gerbers/Jove-top.pos	0						shipped-empty	
p307	shannon-greenlight/Melper	fab/melper_cpl.xlsx; fab/pos/Melper-bottom-pos.csv; fab/pos/Melper-bottom.pos; fab/pos/Melper-top-pos.csv; fab/pos/Melper-top.pos	36 (4 SMD)	top=108		4	4	0	parts-identified	LCSC
p329	JMHanson4/Miasma_1.03_Revised	Miasma_IO_smd/BOM and CPL/Miasma_IO_smd-bottom-pos.csv; Miasma_IO_smd/BOM and CPL/Miasma_IO_smd-top-pos.csv; Miasma_IO_smd/BOM and CPL/Miasma_IO_smd_CPL.csv; Miasma_Main_smd/BOM and CPL/Miasma_Main_smd-bottom-pos.csv; Miasma_Main_smd/BOM and CPL/Miasma_Main_smd-top-pos.csv; Miasma_Main_smd/BOM and CPL/Miasma_Main_smd_CPL.csv	162 (162 SMD)	bottom=178 top=286	Miasma_IO_smd/BOM and CPL/Miasma_IO_smd_BOM.csv; Miasma_Main_smd/BOM and CPL/Miasma_Main_smd_BOM.csv	0	0	0	cpl-ready	
p351	StudioKAT/DualTimbre	v1.0/Gerber_for_JLCPCB/Main/positions.csv; v1.1/Gerber_for_JLCPCB/Main/positions.csv	132 (113 SMD)	bottom=6 top=258	v1.0/Gerber_for_JLCPCB/Main/bom.csv; v1.1/Gerber_for_JLCPCB/Main/bom.csv	112	112	0	cpl-ready	
p352	StudioKAT/R2R-DAC	v1.0/Gerber_for_JLCPCB/Main/positions.csv; v2.0/Gerber_for_JLCPCB/Main/Bottom/positions.csv; v2.0/Gerber_for_JLCPCB/Main/Top/positions.csv	43 (26 SMD)	bottom=52 top=16	v1.0/Gerber_for_JLCPCB/Main/bom.csv; v2.0/Gerber_for_JLCPCB/Main/Bottom/bom.csv; v2.0/Gerber_for_JLCPCB/Main/Top/bom.csv	26	26	0	parts-identified	LCSC
p353	StudioKAT/Toolbox	v1.0/Gerber_for_JLCPCB/Main/positions.csv; v2.1/Gerber_for_JLCPCB/Main/positions.csv	275 (205 SMD)	bottom=414 top=131	v1.0/Gerber_for_JLCPCB/Main/bom.csv; v2.1/Gerber_for_JLCPCB/Main/bom.csv	205	205	0	parts-identified	LCSC
p355	VoltageFoundryMod/IRONMix	V1/jlcpcb/production_files/CPL-4HP_Front_panel.csv; V1/jlcpcb/production_files/CPL-IRONMix_Frontboard_V1.csv; V1/jlcpcb/production_files/CPL-IRONMix_Mainboard_V1.csv	88 (71 SMD)	bottom=3 top=85	V1/jlcpcb/production_files/BOM-4HP_Front_panel.csv; V1/jlcpcb/production_files/BOM-IRONMix_Frontboard_V1.csv; V1/jlcpcb/production_files/BOM-IRONMix_Mainboard_V1.csv	71	71	0	parts-identified	LCSC
p366	dchwebb/Oscar	Hardware_v3/jlcpcb/production_files/CPL-oscar_components.csv; Old/Hardware_v2/Gerbers/oscar-bottom-pos.csv; (not this row's board: Old/Hardware_v2/Gerbers/oscar-top-pos.csv)	64 (48 SMD)	bottom=83 top=17	Hardware_v3/jlcpcb/production_files/BOM-oscar_components.csv	46	46	1	cpl-ready	
p367	dchwebb/Punck	Hardware_v1_1/jlcpcb/production_files/CPL-Punck_Components.csv	95 (95 SMD)	top=95	Hardware_v1_1/jlcpcb/production_files/BOM-Punck_Components.csv	95	95	0	parts-identified	LCSC
p368	dchwebb/Retrospector	Hardware/Gerbers/Components/Retrospector_Components-all-pos.csv	126 (125 SMD)	top=126	Hardware/Gerbers/Components/Retrospector_Components_BOM.csv	120	120	0	cpl-ready	
p369	dchwebb/Spectralist	Hardware/jlcpcb/production_files/CPL-Spectralist_Components.csv	79 (77 SMD)	bottom=79	Hardware/jlcpcb/production_files/BOM-Spectralist_Components.csv	77	77	0	parts-identified	LCSC
p373	environscape/ContourLine	Hardware/v2.2 4HP/PickAndPlace_ContourLine2.2 4HP_2025-09-19.xlsx	56 (50 SMD, 6 unclassified)	bottom=52 top=4	Hardware/v2.2 4HP/BOM_ContourLine2.2 4HP_ContourLine2.2 4HP_2025-09-19.xlsx	0	50		parts-identified	MPN/SKU
p376	jsenzel1/supra	hardware/JLCPCB fabrication files/SUPRA_ASSEMBLY_FILE_POSITIONS.csv; hardware/board final for public/production/positions.csv; (not this row's board: hardware/panel final for public/production/positions.csv)	119 (104 SMD)	bottom=2 top=236	hardware/JLCPCB fabrication files/SUPRA_ASSEMBLY_FILE_BOM.csv; hardware/board final for public/production/bom.csv; hardware/panel final for public/production/bom.csv	101	101	0	cpl-ready	
p381	microresearch/WORM	revival/new_worm3-bottom.pos; revival/new_worm3-top.pos	78 (78 SMD)	top=78				0	cpl-ready	
p392	oamodular/uncertainty	hardware/2hp-smt-uncertainty/Uncertainty-all.pos	49 (10 SMD, 30 unclassified)	top=49	hardware/2hp-smt-uncertainty/Uncertainty BOM.xlsx	0	10		parts-identified	MPN/SKU
p394	odeliy/noise-reap	modules/3xVCA/assembly/3xVCA SMT Positions V1.0.xlsx	70 (70 SMD)	top=70	modules/3xVCA/assembly/3xVCA SMT BOM V1.0.xlsx	70	70	0	parts-identified	LCSC
p396	shannon-greenlight/bonkulator	main_board/fab/bonkulator_cpl.xlsx; main_board/fab/pos/bonkulator_cpl.xlsx	201 (192 SMD)	bottom=386		189	189	2	cpl-ready	
p397	squaresolid/benjolin_gorga	Benjolin Gorga/pcbway_production/2024-03-05-21-01-24/Benjolin Gorga.kicad_pcb_positions.csv	137 (109 SMD)	bottom=24 top=113	Benjolin Gorga/pcbway_production/2024-03-05-21-01-24/Benjolin Gorga.kicad_pcb_bom.csv	0	0	0	cpl-ready	
p424	Emute-Lab-Instruments/uSEQ	hardware/version1.0/useq1/useq1-bottom-pos.csv; hardware/version1.0/useq1/useq1-top-pos.csv	133 (132 SMD)	bottom=1 top=132		0	2	0	cpl-ready	
p473	drChungus/VCSequentialSwitch	hardware/_archive/assembly/partsOnlyFzz/SequencialSwitch_dummyPNP_pnp.txt; hardware/_archive/assembly/partsOnlyFzz/SequencialSwitch_pnp.txt; hardware/_archive/assembly/seqswitch_pnp.xlsx; hardware/_archive/gerber/panel/panel_pnp.txt; hardware/_archive/gerber/pcb/SequencialSwitch_pnp.txt	39 (39 SMD)	top=39	hardware/_archive/assembly/sequentialSwitch_bom.xlsx	39	39		parts-identified	LCSC
p500	jhbruhn/eurorack	out/hardware_design/pcb/assembly/out_cpl.csv	62 (62 SMD)	top=62	out/hardware_design/pcb/assembly/out_bom.csv	0	0		cpl-ready	
p501	jhbruhn/eurorack	stereo_mix/hardware_design/pcb/assembly/stereo_mix_back_digital_bottom_cpl.csv	197 (197 SMD)	bottom=197	stereo_mix/hardware_design/pcb/assembly/stereo_mix_back_digital_bottom_bom.csv	0	0		cpl-ready	
p502	jhbruhn/eurorack	vca/hardware_design/pcb/assembly/vca2_cpl.csv	99 (99 SMD)	bottom=99	vca/hardware_design/pcb/assembly/vca2_bom.csv	0	0		cpl-ready	
p503	jhbruhn/eurorack	vcf-20/hardware_design/pcb/assembly/vcf20_cpl.csv	48 (48 SMD)	top=48	vcf-20/hardware_design/pcb/assembly/vcf20_bom.csv	0	0		cpl-ready	
p504	jhbruhn/eurorack	vcf-leiter/hardware_design/pcb/assembly/vcf_leiter_cpl.csv	49 (49 SMD)	top=49	vcf-leiter/hardware_design/pcb/assembly/vcf_leiter_bom.csv	0	0		cpl-ready	
p511	matthewcieplak/super-sixteen	kicad-control-board-smt/bom-jlc/kicad-control-board-smt-all-pos.csv; kicad-control-board-smt/bom-onboard/kicad-control-board-smt-top.pos	42 (42 SMD)	top=84	kicad-control-board-smt/bom-onboard/kicad-control-board-smt-bom-smt-only.xlsx			0	cpl-ready	
p527	niektb/sluisbrinkie-eurorack-published	Eurorack USB-C PD PSU/kicad/production/positions.csv	56 (56 SMD)	top=56	Eurorack USB-C PD PSU/kicad/production/bom.csv	0	0	0	cpl-ready	
p528	niektb/sluisbrinkie-eurorack-published	Sluisbrinkie Herford/kicad/herford/production/positions.csv	85 (85 SMD)	bottom=85	Sluisbrinkie Herford/kicad/herford/production/bom.csv	0	2	0	cpl-ready	
p530	rheslip/2HPico-Eurorack-Module-Hardware	2HPico DSP KiCad Design Files/Pico 2HP_Audio/JLCPCB Assembly files/CPL-Pico 2HP_Audio.csv	51 (51 SMD)	top=51	2HPico DSP KiCad Design Files/Pico 2HP_Audio/JLCPCB Assembly files/BOM-Pico 2HP_Audio.csv	51	51	0	parts-identified	LCSC
p531	rheslip/2HPico-Eurorack-Module-Hardware	2HPico KiCad design files/JLCPCB Assembly files/CPL-Pico 2HP.csv	47 (46 SMD)	top=47	2HPico KiCad design files/JLCPCB Assembly files/BOM-Pico 2HP.csv	46	46	0	parts-identified	LCSC
p532	rheslip/2HPico-Eurorack-Module-Hardware	4HPico DSP KiCad design files/production/positions.csv	69 (59 SMD)	bottom=55 top=14	4HPico DSP KiCad design files/production/bom.csv	0	0	0	cpl-ready	
p534	shmoergh/moduleur	accessories/multiples-attenuator/production/positions.csv	1 (1 SMD)	top=1	accessories/multiples-attenuator/production/bom.csv	0	0		cpl-ready	
p535	shmoergh/moduleur	modules/01-psu/electronics/production/positions.csv; modules/01-psu/supplementary/eurorack-psu/production/positions.csv	33 (0 SMD)	bottom=5 top=43	modules/01-psu/electronics/production/bom.csv; modules/01-psu/supplementary/eurorack-psu/production/bom.csv	0	0	0	no-smd	
p536	shmoergh/moduleur	modules/02-vco/electronics/core/production/positions.csv; modules/02-vco/electronics/ui/production/positions.csv	130 (90 SMD)	bottom=5 top=144	modules/02-vco/electronics/core/production/bom.csv; modules/02-vco/electronics/ui/production/bom.csv	90	90	0	parts-identified	LCSC
p537	shmoergh/moduleur	modules/03-sidechain-mixer/electronics/core/production/positions.csv; modules/03-sidechain-mixer/electronics/ui/production/positions.csv	66 (46 SMD)	bottom=5 top=73	modules/03-sidechain-mixer/electronics/core/production/bom.csv; modules/03-sidechain-mixer/electronics/ui/production/bom.csv	46	46	0	parts-identified	LCSC
p538	shmoergh/moduleur	modules/04-vcf/electronics/core/production/positions.csv; modules/04-vcf/electronics/ui/production/positions.csv	86 (49 SMD)	bottom=4 top=102	modules/04-vcf/electronics/core/production/bom.csv; modules/04-vcf/electronics/ui/production/bom.csv	49	49	0	parts-identified	LCSC
p539	shmoergh/moduleur	modules/05-adsr-vca/electronics/core/production/positions.csv; modules/05-adsr-vca/electronics/ui/production/positions.csv	61 (37 SMD)	bottom=5 top=73	modules/05-adsr-vca/electronics/core/production/bom.csv; modules/05-adsr-vca/electronics/ui/production/bom.csv	37	37	0	parts-identified	LCSC
p540	shmoergh/moduleur	modules/06-utils-output/electronics/core/production/positions.csv; modules/06-utils-output/electronics/ui/production/positions.csv; modules/06-utils-output/experimental/ui-l+r-out/production/positions.csv	83 (55 SMD)	bottom=8 top=117	modules/06-utils-output/electronics/core/production/bom.csv; modules/06-utils-output/electronics/ui/production/bom.csv; modules/06-utils-output/experimental/ui-l+r-out/production/bom.csv	53	53	21	cpl-ready	
p541	shmoergh/moduleur	modules/07-brain/electronics/core/production/positions.csv; modules/07-brain/electronics/ui/production/positions.csv	99 (52 SMD)	bottom=8 top=127	modules/07-brain/electronics/core/production/bom.csv; modules/07-brain/electronics/ui/production/bom.csv	52	52	0	parts-identified	LCSC
p660	mzuelch/CATs-Eurosynth	Modules/HAGIWO/Ringfolder/Gerber/HAGIWO Ringfolder Main - Position - Bottom - Rev. 012112.xls	36 (36 SMD)	bottom=36	Modules/HAGIWO/Ringfolder/Gerber/HAGIWO Ringfolder Main - BOM Rev. 012112.xls	36	36	0	parts-identified	LCSC
p669	mzuelch/CATs-Eurosynth	Modules/Slim Line/Clock Divider/Gerber/Slimline Clock Divider Main - POS.csv	48 (36 SMD)	top=48	Modules/Slim Line/Clock Divider/Gerber/Slimline Clock Divider Main - BOM.csv	36	36	0	parts-identified	LCSC
p672	mzuelch/CATs-Eurosynth	Modules/Slim Line/Rectifier SMD/Gerber/Rev. 012303/Rectifier Main - POS.csv	34 (29 SMD)	top=34	Modules/Slim Line/Rectifier SMD/Gerber/Rev. 012303/Rectifier Main - BOM.csv	29	29	0	parts-identified	LCSC
p674	mzuelch/CATs-Eurosynth	Modules/Slim Line/Sample&Hold SMD/Electronics/Front/production/Sample_and_Hold_Front_2024-01-10_16-59-23/positions.csv; Modules/Slim Line/Sample&Hold SMD/Electronics/Main/production/Sample_and_Hold_SMD_Main_2024-01-10_16-55-45/positions.csv; Modules/Slim Line/Sample&Hold SMD/Electronics/Main/production/Sample_and_Hold_SMD_Main_2024-01-10_17-02-40/positions.csv	41 (32 SMD)	top=82	Modules/Slim Line/Sample&Hold SMD/Electronics/Front/production/Sample_and_Hold_Front_2024-01-10_16-59-23/bom.csv; Modules/Slim Line/Sample&Hold SMD/Electronics/Main/production/Sample_and_Hold_SMD_Main_2024-01-10_16-55-45/bom.csv; Modules/Slim Line/Sample&Hold SMD/Electronics/Main/production/Sample_and_Hold_SMD_Main_2024-01-10_17-02-40/bom.csv	0	0	0	cpl-ready	
p684	mzuelch/CATs-Eurosynth	Modules/Standard Line/LFO/Electronics/Main/LFO Main Top Pos.csv; Modules/Standard Line/LFO/Electronics/Main/Position/LFO Main-bottom-pos.csv	40 (40 SMD)	top=40	Modules/Standard Line/LFO/Electronics/Main/LFO Main BOM.csv; Modules/Standard Line/LFO/Electronics/Main/LFO Main BOM.xls	40	40	0	parts-identified	LCSC
p731	tkilla64/eurorack	bmult2/positions_v1.csv	27 (27 SMD)	bottom=8 top=19	bmult2/bom_v1.csv	18	18		cpl-ready	
p736	tkilla64/eurorack	feitw/positions.csv	37 (37 SMD)	bottom=7 top=30	feitw/bom.csv	0	0		cpl-ready	
p845	niektb/sluisbrinkie-eurorack-published	Andes/Hardware/andes_8hp/front_pcb/production/positions.csv; Andes/Hardware/andes_8hp/frontpanel/production/positions.csv; Andes/Hardware/andes_8hp/production/positions.csv	138 (108 SMD)	bottom=4 top=134	Andes/Hardware/andes_8hp/front_pcb/production/bom.csv; Andes/Hardware/andes_8hp/frontpanel/production/bom.csv; Andes/Hardware/andes_8hp/production/bom.csv	0	3	29	cpl-ready	
p846	niektb/sluisbrinkie-eurorack-published	Mutable Meta Module/Hardware/kicad/MMM_main/production/positions.csv; (not this row's board: Mutable Meta Module/Hardware/kicad/mmm_frontpanel/production/positions.csv)	144 (125 SMD)	bottom=125 top=19	Mutable Meta Module/Hardware/kicad/MMM_main/production/bom.csv; Mutable Meta Module/Hardware/kicad/mmm_frontpanel/production/bom.csv	0	0	0	cpl-ready	
p847	niektb/sluisbrinkie-eurorack-published	Sluisbrinkie Braun/Hardware/PI_SCOPE/production/positions.csv	83 (83 SMD)	bottom=83	Sluisbrinkie Braun/Hardware/PI_SCOPE/production/bom.csv	0	8	0	cpl-ready	
p849	niektb/sluisbrinkie-eurorack-published	Sluisbrinkie Shannon/kicad/fv1_front_module/production/positions.csv; Sluisbrinkie Shannon/kicad/fv1_module/production/positions.csv	80 (65 SMD)	bottom=66 top=14	Sluisbrinkie Shannon/kicad/fv1_front_module/production/bom.csv; Sluisbrinkie Shannon/kicad/fv1_module/production/bom.csv	3	9	0	cpl-ready	
p850	niektb/sluisbrinkie-eurorack-published	Sluisbrinkie Toepler+/Hardware/toepler_plus/production/positions.csv	111 (109 SMD)	bottom=2 top=109	Sluisbrinkie Toepler+/Hardware/toepler_plus/production/bom.csv	0	9	0	cpl-ready	
p851	hallmar/Eurorack-Modules	Fjöl-v0.6/Hardware/top-board/fjol-top-bottom-pos.csv; Fjöl-v0.6/Hardware/top-board/placement and bom/fjol-top-top-pos.csv; (not this row's board: Fjöl-v0.6/Hardware/gerber/main/fjol-bottom-pos.csv); (not this row's board: Fjöl-v0.6/Hardware/gerber/main/fjol-top-pos.csv)	112 (97 SMD)	bottom=15 top=97				0	cpl-ready	
p872	odeliy/noise-reap	modules/anomaly/assembly/NR2 CPL.xlsx	61 (61 SMD)	top=61	modules/anomaly/assembly/NR2 BOM.xlsx	61	61	0	parts-identified	LCSC
p873	odeliy/noise-reap	modules/foundation/assembly/Foundation SMT Positions.xlsx	103 (103 SMD)	top=103	modules/foundation/assembly/Foundation SMT BOM.xlsx	103	103	0	parts-identified	LCSC
p874	odeliy/noise-reap	modules/paradox/assembly/paradox-smd-cpl.xlsx	92 (92 SMD)	top=92	modules/paradox/assembly/paradox-smd-bom.xlsx	92	92	0	parts-identified	LCSC
p875	shannon-greenlight/bonkulator	BonkDaddy/BonkDaddy2HP_Board/fab/bonkdaddy2hp_cpl.xlsx; BonkDaddy/BonkDaddy2HP_Board/fab/pos/BonkDaddy2HP_Board-bottom-pos.csv; BonkDaddy/BonkDaddy2HP_Board/fab/pos/BonkDaddy2HP_Board-top-pos.csv	23 (15 SMD)	bottom=32 top=7		15	15	0	parts-identified	LCSC
p876	shannon-greenlight/bonkulator	BonkDaddy/BonkDaddyBoard/fab/bonkdaddy_cpl.xlsx; BonkDaddy/BonkDaddyBoard/fab/pos/BonkDaddyBoard-bottom-pos.csv; BonkDaddy/BonkDaddyBoard/fab/pos/BonkDaddyBoard-top-pos.csv	23 (0 SMD)	bottom=32 top=7		0	0	0	no-smd	
p889	nanassound/eurorack-nanassound	Mini/V3.0/pick-and-place/V3.0-bottom.pos; Mini/V3.0/pick-and-place/V3.0-top.pos	23 (15 SMD)	bottom=7 top=16		15	15	0	parts-identified	LCSC
p898	minisystem/860	860-bottom.pos; 860-top.pos	134 (134 SMD)	bottom=133 top=1				0	cpl-ready	
p912	shorepine/tulipcc	docs/pcbs/tulip4_board_v4r6/tulip breakout_top_cpl.csv; docs/pcbs/tulip4_board_v4r7/tulip breakout_top_cpl.csv; docs/pcbs/tulip4_board_v4r8/tulip breakout_top_cpl.csv; docs/pcbs/tulip4_board_v4r9/tulipcc-bottom-pos.csv; docs/pcbs/tulip4_board_v4r9/tulipcc-top-pos.csv; docs/pcbs/tulip4_board_v4r9/tulipcc-top-pos.xls	103 (71 SMD, 26 unclassified)	top=318	docs/pcbs/tulip4_board_v4r6/tulip breakout_top_bom.csv; docs/pcbs/tulip4_board_v4r6/tulip_board_bom.csv; docs/pcbs/tulip4_board_v4r7/tulip breakout_top_bom.csv; docs/pcbs/tulip4_board_v4r7/tulip_board_bom.csv; docs/pcbs/tulip4_board_v4r8/tulip breakout_top_bom.csv; docs/pcbs/tulip4_board_v4r8/tulip_board_bom.csv; docs/pcbs/tulip4_board_v4r9/tulipcc-bom.xlsx	0	0		cpl-ready	
p948	niektb/sluisbrinkie-eurorack-published	Sluisbrinkie Müller/kicad/muller/production/positions.csv; (not this row's board: Sluisbrinkie Müller/kicad/muller_frontplate/production/positions.csv)	81 (61 SMD)	bottom=61 top=20	Sluisbrinkie Müller/kicad/muller/production/bom.csv; Sluisbrinkie Müller/kicad/muller_frontplate/production/bom.csv	2	4	0	cpl-ready	
p949	mzuelch/CATs-Eurosynth	Modules/Standard Line/Abakus/Gerber/Abakus Main - Position - Top Rev. 012201.xls	79 (68 SMD)	top=79	Modules/Standard Line/Abakus/Gerber/Abakus Main - BOM Rev. 012201.xls	68	68	0	parts-identified	LCSC
p1084	ThisIsNotRocketScience/Eurorack-Modules	Development/Eurorack Set 2021/Factory/TiNRS-Ardabil/TiNRS-Ardabil_PNP.csv	158 (158 SMD)	bottom=9 top=149	Development/Eurorack Set 2021/Factory/TiNRS-Ardabil/TiNRS-Ardabil_BOM.csv	0	0		cpl-ready	
p1085	ThisIsNotRocketScience/Eurorack-Modules	(not this row's board: Development/Eurorack Set 2021/Ducktape_kicad/production/positions.csv); (not this row's board: Development/Eurorack Set 2021/Factory/TiNRS-Ardabil/TiNRS-Ardabil_PNP.csv)	0						shipped-other-board	
p1096	apfaudio/eurorack-pmod	hardware/fab/rev_3_3/eurorack-pmod-pcb_cpl_jlc.csv	122 (109 SMD, 1 unclassified)	bottom=1 top=121	hardware/fab/rev_3_3/eurorack-pmod-pcb_bom_jlc.csv	109	109	5	parts-identified	LCSC
