vendor	module_name	link	reason	checked
oZoe.fr	mod: ACX LFO eDruid	https://www.ozoe.fr/articles.php?lng=fr&pg=262&mnuid=316&tconfig=0	modification notes for someone else's module, not an oZoe design	2026-09-26
oZoe.fr	mod: STEINER VCF	https://www.ozoe.fr/articles.php?lng=fr&pg=502&mnuid=316&tconfig=0	modification notes for someone else's module, not an oZoe design	2026-09-26
oZoe.fr	mod: YuSynth Mixout-VC	https://www.ozoe.fr/articles.php?lng=fr&pg=261&mnuid=316&tconfig=0	modification notes for someone else's module, not an oZoe design	2026-09-26
oZoe.fr	mod: YuSynth VCO	https://www.ozoe.fr/articles.php?lng=fr&pg=263&mnuid=316&tconfig=0	modification notes for someone else's module, not an oZoe design	2026-09-26
oZoe.fr	mod: GGG Delay	https://www.ozoe.fr/articles.php?lng=fr&pg=264&mnuid=316&tconfig=0	modification notes for someone else's module, not an oZoe design	2026-09-26
oZoe.fr	stand-alone MIDI boxes, keyboards, complete synths, CORON DS-8 / KORG Mini Pops 120 mods	https://www.ozoe.fr/	not eurorack modules	2026-09-26
Eddy Bergman	Extras No.3 Gristleizer	https://www.eddybergman.com/2021/09/gristleizerstripboardlayout.html	standalone effect unit, not a module	2026-09-26
Music From Outer Space (Ray Wilson)	all MFOS modular designs (VCO, ADSR, VCFs, dual VCA, Noise Cornucopia, mixers, LFO, EGs, S&H, ring mod, phaser, quantizer, reverb, etc. - 31 projects)	https://musicfromouterspace.com/	"5U: site builds ""faceplates ... using the 3.5\"" x 8.75\"" format"" (8.75in = 5U); no design marked eurorack-compatible found. Licence: ""free for non-commercial use"". Only the ADSR page summary said ""Eurorack-style"" - judged unreliable"	2026-09-26
soundbender	all soundbender36 modules (02 VCO CEM3340 ... 95 Baby 8 Sequencer, ~85 posts)	https://soundbender36.wordpress.com/sommaire-synthetiseur-modulaire-diy/	Kosmo: cases hold 20cm-high modules, format credited to LMNC Kosmo (post 01); none marked eurorack-compatible	2026-09-26
Look Mum No Computer	1007 MIDIMUSO MIDI-CV	https://www.lookmumnocomputer.com/1007-midi-cv	Kosmo format (stated on page / store / LMNC discourse Kosmo category, or inferred from the Kosmo-only line for 1148, 1153, 1161); not marked eurorack-compatible	2026-09-26
Look Mum No Computer	1008 MIDI to Trigger	https://www.lookmumnocomputer.com/1008miditotrig	Kosmo format (stated on page / store / LMNC discourse Kosmo category, or inferred from the Kosmo-only line for 1148, 1153, 1161); not marked eurorack-compatible	2026-09-26
Look Mum No Computer	1114 Funky Filter (Kosmo version; eurorack GRRR is a row)	https://www.lookmumnocomputer.com/1114-funky-filter	Kosmo format (stated on page / store / LMNC discourse Kosmo category, or inferred from the Kosmo-only line for 1148, 1153, 1161); not marked eurorack-compatible	2026-09-26
Look Mum No Computer	1148 Quad LFO	https://www.lookmumnocomputer.com/1148-quad-lfo	Kosmo format (stated on page / store / LMNC discourse Kosmo category, or inferred from the Kosmo-only line for 1148, 1153, 1161); not marked eurorack-compatible	2026-09-26
Look Mum No Computer	1153 Bounce	https://www.lookmumnocomputer.com/1153bounce	Kosmo format (stated on page / store / LMNC discourse Kosmo category, or inferred from the Kosmo-only line for 1148, 1153, 1161); not marked eurorack-compatible	2026-09-26
Look Mum No Computer	1157 Mini ADSR	https://www.lookmumnocomputer.com/1157-mini-adsr	Kosmo format (stated on page / store / LMNC discourse Kosmo category, or inferred from the Kosmo-only line for 1148, 1153, 1161); not marked eurorack-compatible	2026-09-26
Look Mum No Computer	1158 VCADSR	https://www.lookmumnocomputer.com/1158-vcadsr	Kosmo format (stated on page / store / LMNC discourse Kosmo category, or inferred from the Kosmo-only line for 1148, 1153, 1161); not marked eurorack-compatible	2026-09-26
Look Mum No Computer	1161 Buffered Multiple	https://www.lookmumnocomputer.com/1161-buffered-multiple	Kosmo format (stated on page / store / LMNC discourse Kosmo category, or inferred from the Kosmo-only line for 1148, 1153, 1161); not marked eurorack-compatible	2026-09-26
Look Mum No Computer	1163 Mini Mixer	https://www.lookmumnocomputer.com/1163-mini-mixer	Kosmo format (stated on page / store / LMNC discourse Kosmo category, or inferred from the Kosmo-only line for 1148, 1153, 1161); not marked eurorack-compatible	2026-09-26
Look Mum No Computer	1171 OBA	https://www.lookmumnocomputer.com/1171-oba	Kosmo format (stated on page / store / LMNC discourse Kosmo category, or inferred from the Kosmo-only line for 1148, 1153, 1161); not marked eurorack-compatible	2026-09-26
Look Mum No Computer	1181 Dual VCA	https://www.lookmumnocomputer.com/1181-dual-vca	Kosmo format (stated on page / store / LMNC discourse Kosmo category, or inferred from the Kosmo-only line for 1148, 1153, 1161); not marked eurorack-compatible	2026-09-26
Look Mum No Computer	1183/1184 Quad VCA Mixer	https://www.lookmumnocomputer.com/11831184-quad-vca-mixer	Kosmo format (stated on page / store / LMNC discourse Kosmo category, or inferred from the Kosmo-only line for 1148, 1153, 1161); not marked eurorack-compatible	2026-09-26
Look Mum No Computer	1221 Oscillator Expander	https://www.lookmumnocomputer.com/1221oscexpander	Kosmo format (stated on page / store / LMNC discourse Kosmo category, or inferred from the Kosmo-only line for 1148, 1153, 1161); not marked eurorack-compatible	2026-09-26
Look Mum No Computer	1222 Performance VCO (Kosmo DIY version; eurorack 1222 is a row)	https://www.lookmumnocomputer.com/1222-performance-vco	Kosmo format (stated on page / store / LMNC discourse Kosmo category, or inferred from the Kosmo-only line for 1148, 1153, 1161); not marked eurorack-compatible	2026-09-26
Look Mum No Computer	2001 Keyboard Sequencer	https://www.lookmumnocomputer.com/2001keyboardsequencer	Kosmo format (stated on page / store / LMNC discourse Kosmo category, or inferred from the Kosmo-only line for 1148, 1153, 1161); not marked eurorack-compatible	2026-09-26
Look Mum No Computer	2221 Crosfobermordulator	https://www.lookmumnocomputer.com/crosfobermordulator	Kosmo format (stated on page / store / LMNC discourse Kosmo category, or inferred from the Kosmo-only line for 1148, 1153, 1161); not marked eurorack-compatible	2026-09-26
Look Mum No Computer	2399 Triple Splashback (Kosmo; eurorack version is a row)	https://www.lookmumnocomputer.com/2399-triple-splashback	Kosmo format (stated on page / store / LMNC discourse Kosmo category, or inferred from the Kosmo-only line for 1148, 1153, 1161); not marked eurorack-compatible	2026-09-26
Look Mum No Computer	2700 Twin T Drummer	https://www.lookmumnocomputer.com/2700-twin-t-drummer	Kosmo format (stated on page / store / LMNC discourse Kosmo category, or inferred from the Kosmo-only line for 1148, 1153, 1161); not marked eurorack-compatible	2026-09-26
Look Mum No Computer	4051 Plexquencer	https://www.lookmumnocomputer.com/4051-plexquencer	Kosmo format (stated on page / store / LMNC discourse Kosmo category, or inferred from the Kosmo-only line for 1148, 1153, 1161); not marked eurorack-compatible	2026-09-26
Look Mum No Computer	4710 Safety Valve	https://www.lookmumnocomputer.com/4710-safety-valve	Kosmo format (stated on page / store / LMNC discourse Kosmo category, or inferred from the Kosmo-only line for 1148, 1153, 1161); not marked eurorack-compatible	2026-09-26
Look Mum No Computer	5000 Kosmo Minis	https://www.lookmumnocomputer.com/5000-kosmo-minis	Kosmo format (stated on page / store / LMNC discourse Kosmo category, or inferred from the Kosmo-only line for 1148, 1153, 1161); not marked eurorack-compatible	2026-09-26
Look Mum No Computer	Performance Filter 1112/1113	https://www.lookmumnocomputer.com/performance-filter	Kosmo format (stated on page / store / LMNC discourse Kosmo category, or inferred from the Kosmo-only line for 1148, 1153, 1161); not marked eurorack-compatible	2026-09-26
Look Mum No Computer	VCLFO10	https://www.lookmumnocomputer.com/vclfo	Kosmo format (stated on page / store / LMNC discourse Kosmo category, or inferred from the Kosmo-only line for 1148, 1153, 1161); not marked eurorack-compatible	2026-09-26
Look Mum No Computer	2000 Megadrone	https://www.lookmumnocomputer.com/2000-megadrone	standalone synth, not a module	2026-09-26
YuSynth	VCO	http://yusynth.net/Modular/EN/VCO/index.html	"Synthesizers.com (5U ""Dotcom"") standard: ""In the yusynth modular I am using the Synthesizers.com standard""; page has no eurorack mention (checked 2026-09-26)"	2026-09-26
YuSynth	ADSR	http://yusynth.net/Modular/EN/ADSR/index.html	"Synthesizers.com (5U ""Dotcom"") standard: ""In the yusynth modular I am using the Synthesizers.com standard""; page has no eurorack mention (checked 2026-09-26)"	2026-09-26
YuSynth	VCA	http://yusynth.net/Modular/EN/VCA/index.html	"Synthesizers.com (5U ""Dotcom"") standard: ""In the yusynth modular I am using the Synthesizers.com standard""; page has no eurorack mention (checked 2026-09-26)"	2026-09-26
YuSynth	EMSVCF	http://yusynth.net/Modular/EN/EMSVCF/index.html	"Synthesizers.com (5U ""Dotcom"") standard: ""In the yusynth modular I am using the Synthesizers.com standard""; page has no eurorack mention (checked 2026-09-26)"	2026-09-26
YuSynth	ARPVCF	http://yusynth.net/Modular/EN/ARPVCF/index.html	"Synthesizers.com (5U ""Dotcom"") standard: ""In the yusynth modular I am using the Synthesizers.com standard""; page has no eurorack mention (checked 2026-09-26)"	2026-09-26
YuSynth	JH-TAUPHASE	http://yusynth.net/Modular/EN/JH-TAUPHASE/index.html	"Synthesizers.com (5U ""Dotcom"") standard: ""In the yusynth modular I am using the Synthesizers.com standard""; page has no eurorack mention (checked 2026-09-26)"	2026-09-26
YuSynth	WAVEFOLDER	http://yusynth.net/Modular/EN/WAVEFOLDER/index.html	"Synthesizers.com (5U ""Dotcom"") standard: ""In the yusynth modular I am using the Synthesizers.com standard""; page has no eurorack mention (checked 2026-09-26)"	2026-09-26
YuSynth	STANDARDS	http://yusynth.net/Modular/EN/STANDARDS/index.html	"Synthesizers.com (5U ""Dotcom"") standard: ""In the yusynth modular I am using the Synthesizers.com standard""; page has no eurorack mention (checked 2026-09-26)"	2026-09-26
YuSynth	NOISE	http://yusynth.net/Modular/EN/NOISE/index.html	"Synthesizers.com (5U ""Dotcom"") standard: ""In the yusynth modular I am using the Synthesizers.com standard""; page has no eurorack mention (checked 2026-09-26)"	2026-09-26
YuSynth	QUAD-LFO	http://yusynth.net/Modular/EN/QUAD-LFO/index.html	"Synthesizers.com (5U ""Dotcom"") standard: ""In the yusynth modular I am using the Synthesizers.com standard""; page has no eurorack mention (checked 2026-09-26)"	2026-09-26
YuSynth	DIVIDER	http://yusynth.net/Modular/EN/DIVIDER/index.html	"Synthesizers.com (5U ""Dotcom"") standard: ""In the yusynth modular I am using the Synthesizers.com standard""; page has no eurorack mention (checked 2026-09-26)"	2026-09-26
YuSynth	COMPARATORS	http://yusynth.net/Modular/EN/COMPARATORS/index.html	"Synthesizers.com (5U ""Dotcom"") standard: ""In the yusynth modular I am using the Synthesizers.com standard""; page has no eurorack mention (checked 2026-09-26)"	2026-09-26
YuSynth	LOGICAL	http://yusynth.net/Modular/EN/LOGICAL/index.html	"Synthesizers.com (5U ""Dotcom"") standard: ""In the yusynth modular I am using the Synthesizers.com standard""; page has no eurorack mention (checked 2026-09-26)"	2026-09-26
YuSynth	BANK	http://yusynth.net/Modular/EN/BANK/index.html	Synthesizers.com (5U) standard per the site; this page itself NOT checked for a eurorack option (agent budget) - check only if needed	2026-09-26
YuSynth	LFO	http://yusynth.net/Modular/EN/LFO/index.html	Synthesizers.com (5U) standard per the site; this page itself NOT checked for a eurorack option (agent budget) - check only if needed	2026-09-26
YuSynth	AUTOBEND	http://yusynth.net/Modular/EN/AUTOBEND/index.html	Synthesizers.com (5U) standard per the site; this page itself NOT checked for a eurorack option (agent budget) - check only if needed	2026-09-26
YuSynth	DUALSLEW	http://yusynth.net/Modular/EN/DUALSLEW/index.html	Synthesizers.com (5U) standard per the site; this page itself NOT checked for a eurorack option (agent budget) - check only if needed	2026-09-26
YuSynth	MINMAX	http://yusynth.net/Modular/EN/MINMAX/index.html	Synthesizers.com (5U) standard per the site; this page itself NOT checked for a eurorack option (agent budget) - check only if needed	2026-09-26
YuSynth	RINGMOD	http://yusynth.net/Modular/EN/RINGMOD/index.html	Synthesizers.com (5U) standard per the site; this page itself NOT checked for a eurorack option (agent budget) - check only if needed	2026-09-26
YuSynth	SAWANIM	http://yusynth.net/Modular/EN/SAWANIM/index.html	Synthesizers.com (5U) standard per the site; this page itself NOT checked for a eurorack option (agent budget) - check only if needed	2026-09-26
YuSynth	MIXER	http://yusynth.net/Modular/EN/MIXER/index.html	Synthesizers.com (5U) standard per the site; this page itself NOT checked for a eurorack option (agent budget) - check only if needed	2026-09-26
YuSynth	MIXOUT	http://yusynth.net/Modular/EN/MIXOUT/index.html	Synthesizers.com (5U) standard per the site; this page itself NOT checked for a eurorack option (agent budget) - check only if needed	2026-09-26
YuSynth	GATEDELAY	http://yusynth.net/Modular/EN/GATEDELAY/index.html	Synthesizers.com (5U) standard per the site; this page itself NOT checked for a eurorack option (agent budget) - check only if needed	2026-09-26
YuSynth	PULSEDELAY	http://yusynth.net/Modular/EN/PULSEDELAY/index.html	Synthesizers.com (5U) standard per the site; this page itself NOT checked for a eurorack option (agent budget) - check only if needed	2026-09-26
YuSynth	RANDOMGATE	http://yusynth.net/Modular/EN/RANDOMGATE/index.html	Synthesizers.com (5U) standard per the site; this page itself NOT checked for a eurorack option (agent budget) - check only if needed	2026-09-26
YuSynth	SEQROUTER	http://yusynth.net/Modular/EN/SEQROUTER/index.html	Synthesizers.com (5U) standard per the site; this page itself NOT checked for a eurorack option (agent budget) - check only if needed	2026-09-26
Ken Stone (CGS)	CGS01 Sub-Oscillator	https://www.elby-designs.com/contents/en-us/d92_CGS_Modules.html	"4U (Elby: ""4U Modular Synthesizer modules"")"	2026-09-26
Ken Stone (CGS)	CGS03 Psycho LFO	https://www.elby-designs.com/contents/en-us/d92_CGS_Modules.html	"4U (Elby: ""4U Modular Synthesizer modules"")"	2026-09-26
Ken Stone (CGS)	CGS04 DC Mixer	https://www.elby-designs.com/contents/en-us/d92_CGS_Modules.html	"4U (Elby: ""4U Modular Synthesizer modules"")"	2026-09-26
Ken Stone (CGS)	CGS06 Burst Generator	https://www.elby-designs.com/contents/en-us/d92_CGS_Modules.html	"4U (Elby: ""4U Modular Synthesizer modules"")"	2026-09-26
Ken Stone (CGS)	CGS09 VC Divider	https://www.elby-designs.com/contents/en-us/d92_CGS_Modules.html	"4U (Elby: ""4U Modular Synthesizer modules"")"	2026-09-26
Ken Stone (CGS)	CGS10 Pedal Board/Mini Keyboard	https://www.elby-designs.com/contents/en-us/d92_CGS_Modules.html	"4U (Elby: ""4U Modular Synthesizer modules"")"	2026-09-26
CTorpin	CTorpin modules	https://github.com/CTorpin	"Kosmo format (analogoutputblog: ""Kosmo format modules"")"	2026-09-26
Kosmodular Grid	Kosmodular Grid designs	https://www.kosmodulargrid.com/	Kosmo format repository	2026-09-26
General Guitar Gadgets	GGG schematics	http://www.generalguitargadgets.com/how-to-build-it/technical-help/schematics/	guitar pedals, not modules	2026-09-26
Music Thing Modular	all	https://musicthing.co.uk/	explicitly open source - belongs in the open-source table	2026-09-26
Winterbloom	all	https://github.com/wntrblm	explicitly open source - belongs in the open-source table	2026-09-26
Befaco	Oneiroi POD	https://shop.befaco.org/full-kits/1348-oneiroi-pod-diy-kit.html	case / desktop unit, not a module	2026-09-26
Befaco	Bela Pepper (components kit)	https://shop.befaco.org/diy-friends/1233-bela-pepper-components-kit.html	third-party parts kit	2026-09-26
Nonlinear Circuits	PARTS	https://www.nonlinearcircuits.com/modules/p/parts	component packs, not a module	2026-09-26
Barton Musical Circuits	7805 to LM317	https://www.bartonmusicalcircuits.com/7805/index.html	regulator item, not a module	2026-09-26
North Coast Synthesis	MSK 001 Sekai Universal Host	https://northcoastsynthesis.com/synth-diy-projects/	never released; no schematics or files offered (checked 2026-09-26)	2026-09-26
North Coast Synthesis	MSK 004 Octothorpe Octuple VCO	https://northcoastsynthesis.com/synth-diy-projects/	never released; no schematics or files offered (checked 2026-09-26)	2026-09-26
North Coast Synthesis	MSK 005 Snake Pit	https://northcoastsynthesis.com/synth-diy-projects/	never released; no schematics or files offered (checked 2026-09-26)	2026-09-26
fonitronik	MFOS Soundlab build	http://www.modular.fonik.de/Page2.html	a synth build, not a module	2026-09-26
