repo	module_dir	question	evidence	date
dchwebb/Addatone	Hardware/ARM_Dev_Board	Addatone ARM_Dev_Board: row, part of Addatone (p03), or out? (already pending in STATE.md)	https://github.com/dchwebb/Addatone/tree/master/Hardware/ARM_Dev_Board	2026-09-26
BruteClaw/Analog-Synth	Unfinished Designs/Chorus	BruteClaw 'Unfinished Designs/' (29 folders, mostly empty boards): IN or OUT? (pending ruling in STATE.md)	https://github.com/BruteClaw/Analog-Synth/tree/HEAD/Unfinished%20Designs/Chorus	2026-09-26
BruteClaw/Analog-Synth	Unfinished Designs/Comb_Filter	BruteClaw 'Unfinished Designs/' (29 folders, mostly empty boards): IN or OUT? (pending ruling in STATE.md)	https://github.com/BruteClaw/Analog-Synth/tree/HEAD/Unfinished%20Designs/Comb_Filter	2026-09-26
BruteClaw/Analog-Synth	Unfinished Designs/Delay	BruteClaw 'Unfinished Designs/' (29 folders, mostly empty boards): IN or OUT? (pending ruling in STATE.md)	https://github.com/BruteClaw/Analog-Synth/tree/HEAD/Unfinished%20Designs/Delay	2026-09-26
BruteClaw/Analog-Synth	Unfinished Designs/Distortion	BruteClaw 'Unfinished Designs/' (29 folders, mostly empty boards): IN or OUT? (pending ruling in STATE.md)	https://github.com/BruteClaw/Analog-Synth/tree/HEAD/Unfinished%20Designs/Distortion	2026-09-26
BruteClaw/Analog-Synth	Unfinished Designs/Drums/Bass	BruteClaw 'Unfinished Designs/' (29 folders, mostly empty boards): IN or OUT? (pending ruling in STATE.md)	https://github.com/BruteClaw/Analog-Synth/tree/HEAD/Unfinished%20Designs/Drums/Bass	2026-09-26
BruteClaw/Analog-Synth	Unfinished Designs/Drums/Clap	BruteClaw 'Unfinished Designs/' (29 folders, mostly empty boards): IN or OUT? (pending ruling in STATE.md)	https://github.com/BruteClaw/Analog-Synth/tree/HEAD/Unfinished%20Designs/Drums/Clap	2026-09-26
BruteClaw/Analog-Synth	Unfinished Designs/Drums/Claves	BruteClaw 'Unfinished Designs/' (29 folders, mostly empty boards): IN or OUT? (pending ruling in STATE.md)	https://github.com/BruteClaw/Analog-Synth/tree/HEAD/Unfinished%20Designs/Drums/Claves	2026-09-26
BruteClaw/Analog-Synth	Unfinished Designs/Drums/Closed_Hi_Hat	BruteClaw 'Unfinished Designs/' (29 folders, mostly empty boards): IN or OUT? (pending ruling in STATE.md)	https://github.com/BruteClaw/Analog-Synth/tree/HEAD/Unfinished%20Designs/Drums/Closed_Hi_Hat	2026-09-26
BruteClaw/Analog-Synth	Unfinished Designs/Drums/Cow_Bells	BruteClaw 'Unfinished Designs/' (29 folders, mostly empty boards): IN or OUT? (pending ruling in STATE.md)	https://github.com/BruteClaw/Analog-Synth/tree/HEAD/Unfinished%20Designs/Drums/Cow_Bells	2026-09-26
BruteClaw/Analog-Synth	Unfinished Designs/Drums/Cymbals	BruteClaw 'Unfinished Designs/' (29 folders, mostly empty boards): IN or OUT? (pending ruling in STATE.md)	https://github.com/BruteClaw/Analog-Synth/tree/HEAD/Unfinished%20Designs/Drums/Cymbals	2026-09-26
BruteClaw/Analog-Synth	Unfinished Designs/Drums/High_Conga	BruteClaw 'Unfinished Designs/' (29 folders, mostly empty boards): IN or OUT? (pending ruling in STATE.md)	https://github.com/BruteClaw/Analog-Synth/tree/HEAD/Unfinished%20Designs/Drums/High_Conga	2026-09-26
BruteClaw/Analog-Synth	Unfinished Designs/Drums/High_Tom	BruteClaw 'Unfinished Designs/' (29 folders, mostly empty boards): IN or OUT? (pending ruling in STATE.md)	https://github.com/BruteClaw/Analog-Synth/tree/HEAD/Unfinished%20Designs/Drums/High_Tom	2026-09-26
BruteClaw/Analog-Synth	Unfinished Designs/Drums/Low_Conga	BruteClaw 'Unfinished Designs/' (29 folders, mostly empty boards): IN or OUT? (pending ruling in STATE.md)	https://github.com/BruteClaw/Analog-Synth/tree/HEAD/Unfinished%20Designs/Drums/Low_Conga	2026-09-26
BruteClaw/Analog-Synth	Unfinished Designs/Drums/Low_Tom	BruteClaw 'Unfinished Designs/' (29 folders, mostly empty boards): IN or OUT? (pending ruling in STATE.md)	https://github.com/BruteClaw/Analog-Synth/tree/HEAD/Unfinished%20Designs/Drums/Low_Tom	2026-09-26
BruteClaw/Analog-Synth	Unfinished Designs/Drums/Maraca	BruteClaw 'Unfinished Designs/' (29 folders, mostly empty boards): IN or OUT? (pending ruling in STATE.md)	https://github.com/BruteClaw/Analog-Synth/tree/HEAD/Unfinished%20Designs/Drums/Maraca	2026-09-26
BruteClaw/Analog-Synth	Unfinished Designs/Drums/Mid_Conga	BruteClaw 'Unfinished Designs/' (29 folders, mostly empty boards): IN or OUT? (pending ruling in STATE.md)	https://github.com/BruteClaw/Analog-Synth/tree/HEAD/Unfinished%20Designs/Drums/Mid_Conga	2026-09-26
BruteClaw/Analog-Synth	Unfinished Designs/Drums/Mid_Tom	BruteClaw 'Unfinished Designs/' (29 folders, mostly empty boards): IN or OUT? (pending ruling in STATE.md)	https://github.com/BruteClaw/Analog-Synth/tree/HEAD/Unfinished%20Designs/Drums/Mid_Tom	2026-09-26
BruteClaw/Analog-Synth	Unfinished Designs/Drums/Open_Hi_Hat	BruteClaw 'Unfinished Designs/' (29 folders, mostly empty boards): IN or OUT? (pending ruling in STATE.md)	https://github.com/BruteClaw/Analog-Synth/tree/HEAD/Unfinished%20Designs/Drums/Open_Hi_Hat	2026-09-26
BruteClaw/Analog-Synth	Unfinished Designs/Drums/RimShot	BruteClaw 'Unfinished Designs/' (29 folders, mostly empty boards): IN or OUT? (pending ruling in STATE.md)	https://github.com/BruteClaw/Analog-Synth/tree/HEAD/Unfinished%20Designs/Drums/RimShot	2026-09-26
BruteClaw/Analog-Synth	Unfinished Designs/Drums/Snare	BruteClaw 'Unfinished Designs/' (29 folders, mostly empty boards): IN or OUT? (pending ruling in STATE.md)	https://github.com/BruteClaw/Analog-Synth/tree/HEAD/Unfinished%20Designs/Drums/Snare	2026-09-26
BruteClaw/Analog-Synth	Unfinished Designs/Echo	BruteClaw 'Unfinished Designs/' (29 folders, mostly empty boards): IN or OUT? (pending ruling in STATE.md)	https://github.com/BruteClaw/Analog-Synth/tree/HEAD/Unfinished%20Designs/Echo	2026-09-26
BruteClaw/Analog-Synth	Unfinished Designs/Keyboard	BruteClaw 'Unfinished Designs/' (29 folders, mostly empty boards): IN or OUT? (pending ruling in STATE.md)	https://github.com/BruteClaw/Analog-Synth/tree/HEAD/Unfinished%20Designs/Keyboard	2026-09-26
BruteClaw/Analog-Synth	Unfinished Designs/Ladder_Filter	BruteClaw 'Unfinished Designs/' (29 folders, mostly empty boards): IN or OUT? (pending ruling in STATE.md)	https://github.com/BruteClaw/Analog-Synth/tree/HEAD/Unfinished%20Designs/Ladder_Filter	2026-09-26
BruteClaw/Analog-Synth	Unfinished Designs/Mixer	BruteClaw 'Unfinished Designs/' (29 folders, mostly empty boards): IN or OUT? (pending ruling in STATE.md)	https://github.com/BruteClaw/Analog-Synth/tree/HEAD/Unfinished%20Designs/Mixer	2026-09-26
BruteClaw/Analog-Synth	Unfinished Designs/Phase_Shifter	BruteClaw 'Unfinished Designs/' (29 folders, mostly empty boards): IN or OUT? (pending ruling in STATE.md)	https://github.com/BruteClaw/Analog-Synth/tree/HEAD/Unfinished%20Designs/Phase_Shifter	2026-09-26
BruteClaw/Analog-Synth	Unfinished Designs/Reverb	BruteClaw 'Unfinished Designs/' (29 folders, mostly empty boards): IN or OUT? (pending ruling in STATE.md)	https://github.com/BruteClaw/Analog-Synth/tree/HEAD/Unfinished%20Designs/Reverb	2026-09-26
BruteClaw/Analog-Synth	Unfinished Designs/Ring_Modulator	BruteClaw 'Unfinished Designs/' (29 folders, mostly empty boards): IN or OUT? (pending ruling in STATE.md)	https://github.com/BruteClaw/Analog-Synth/tree/HEAD/Unfinished%20Designs/Ring_Modulator	2026-09-26
BruteClaw/Analog-Synth	Unfinished Designs/Sequencer	BruteClaw 'Unfinished Designs/' (29 folders, mostly empty boards): IN or OUT? (pending ruling in STATE.md)	https://github.com/BruteClaw/Analog-Synth/tree/HEAD/Unfinished%20Designs/Sequencer	2026-09-26
BruteClaw/Analog-Synth	Unfinished Designs/Splitters	BruteClaw 'Unfinished Designs/' (29 folders, mostly empty boards): IN or OUT? (pending ruling in STATE.md)	https://github.com/BruteClaw/Analog-Synth/tree/HEAD/Unfinished%20Designs/Splitters	2026-09-26
BruteClaw/Analog-Synth	Unfinished Designs/VCA	BruteClaw 'Unfinished Designs/' (29 folders, mostly empty boards): IN or OUT? (pending ruling in STATE.md)	https://github.com/BruteClaw/Analog-Synth/tree/HEAD/Unfinished%20Designs/VCA	2026-09-26
BruteClaw/Analog-Synth	Unfinished Designs/VCO	BruteClaw 'Unfinished Designs/' (29 folders, mostly empty boards): IN or OUT? (pending ruling in STATE.md)	https://github.com/BruteClaw/Analog-Synth/tree/HEAD/Unfinished%20Designs/VCO	2026-09-26
spielhuus/elektrophon	content/old/555	elektrophon content/old legacy folders (~34): IN or OUT? (pending ruling in STATE.md)	https://github.com/spielhuus/elektrophon/tree/HEAD/content/old/555	2026-09-26
spielhuus/elektrophon	content/old/Fuzz/Overdrive 250	elektrophon content/old legacy folders (~34): IN or OUT? (pending ruling in STATE.md)	https://github.com/spielhuus/elektrophon/tree/HEAD/content/old/Fuzz/Overdrive%20250	2026-09-26
spielhuus/elektrophon	content/old/Fuzz/Shin Ei FY-2	elektrophon content/old legacy folders (~34): IN or OUT? (pending ruling in STATE.md)	https://github.com/spielhuus/elektrophon/tree/HEAD/content/old/Fuzz/Shin%20Ei%20FY-2	2026-09-26
spielhuus/elektrophon	content/old/Fuzz/UBE Screamer	elektrophon content/old legacy folders (~34): IN or OUT? (pending ruling in STATE.md)	https://github.com/spielhuus/elektrophon/tree/HEAD/content/old/Fuzz/UBE%20Screamer	2026-09-26
spielhuus/elektrophon	content/old/Fuzz/UBE Screamer (no tone)	elektrophon content/old legacy folders (~34): IN or OUT? (pending ruling in STATE.md)	https://github.com/spielhuus/elektrophon/tree/HEAD/content/old/Fuzz/UBE%20Screamer%20(no%20tone)	2026-09-26
spielhuus/elektrophon	content/old/Fuzz/Way Huge Red LLama	elektrophon content/old legacy folders (~34): IN or OUT? (pending ruling in STATE.md)	https://github.com/spielhuus/elektrophon/tree/HEAD/content/old/Fuzz/Way%20Huge%20Red%20LLama	2026-09-26
spielhuus/elektrophon	content/old/Fuzz/diode_opamp	elektrophon content/old legacy folders (~34): IN or OUT? (pending ruling in STATE.md)	https://github.com/spielhuus/elektrophon/tree/HEAD/content/old/Fuzz/diode_opamp	2026-09-26
spielhuus/elektrophon	content/old/Synthacon VCF	elektrophon content/old legacy folders (~34): IN or OUT? (pending ruling in STATE.md)	https://github.com/spielhuus/elektrophon/tree/HEAD/content/old/Synthacon%20VCF	2026-09-26
spielhuus/elektrophon	content/old/UBE	elektrophon content/old legacy folders (~34): IN or OUT? (pending ruling in STATE.md)	https://github.com/spielhuus/elektrophon/tree/HEAD/content/old/UBE	2026-09-26
spielhuus/elektrophon	content/old/Utility LFO	elektrophon content/old legacy folders (~34): IN or OUT? (pending ruling in STATE.md)	https://github.com/spielhuus/elektrophon/tree/HEAD/content/old/Utility%20LFO	2026-09-26
spielhuus/elektrophon	content/old/VCF MS20	elektrophon content/old legacy folders (~34): IN or OUT? (pending ruling in STATE.md)	https://github.com/spielhuus/elektrophon/tree/HEAD/content/old/VCF%20MS20	2026-09-26
spielhuus/elektrophon	content/old/VCO3340	elektrophon content/old legacy folders (~34): IN or OUT? (pending ruling in STATE.md)	https://github.com/spielhuus/elektrophon/tree/HEAD/content/old/VCO3340	2026-09-26
spielhuus/elektrophon	content/old/animation	elektrophon content/old legacy folders (~34): IN or OUT? (pending ruling in STATE.md)	https://github.com/spielhuus/elektrophon/tree/HEAD/content/old/animation	2026-09-26
spielhuus/elektrophon	content/old/filter	elektrophon content/old legacy folders (~34): IN or OUT? (pending ruling in STATE.md)	https://github.com/spielhuus/elektrophon/tree/HEAD/content/old/filter	2026-09-26
spielhuus/elektrophon	content/old/filter/panel.back	elektrophon content/old legacy folders (~34): IN or OUT? (pending ruling in STATE.md)	https://github.com/spielhuus/elektrophon/tree/HEAD/content/old/filter/panel.back	2026-09-26
spielhuus/elektrophon	content/old/freqdoubler	elektrophon content/old legacy folders (~34): IN or OUT? (pending ruling in STATE.md)	https://github.com/spielhuus/elektrophon/tree/HEAD/content/old/freqdoubler	2026-09-26
spielhuus/elektrophon	content/old/freqdoubler/shifter	elektrophon content/old legacy folders (~34): IN or OUT? (pending ruling in STATE.md)	https://github.com/spielhuus/elektrophon/tree/HEAD/content/old/freqdoubler/shifter	2026-09-26
spielhuus/elektrophon	content/old/klang	elektrophon content/old legacy folders (~34): IN or OUT? (pending ruling in STATE.md)	https://github.com/spielhuus/elektrophon/tree/HEAD/content/old/klang	2026-09-26
spielhuus/elektrophon	content/old/konsole	elektrophon content/old legacy folders (~34): IN or OUT? (pending ruling in STATE.md)	https://github.com/spielhuus/elektrophon/tree/HEAD/content/old/konsole	2026-09-26
spielhuus/elektrophon	content/old/kontakt	elektrophon content/old legacy folders (~34): IN or OUT? (pending ruling in STATE.md)	https://github.com/spielhuus/elektrophon/tree/HEAD/content/old/kontakt	2026-09-26
spielhuus/elektrophon	content/old/kontur	elektrophon content/old legacy folders (~34): IN or OUT? (pending ruling in STATE.md)	https://github.com/spielhuus/elektrophon/tree/HEAD/content/old/kontur	2026-09-26
spielhuus/elektrophon	content/old/mischer/main.back	elektrophon content/old legacy folders (~34): IN or OUT? (pending ruling in STATE.md)	https://github.com/spielhuus/elektrophon/tree/HEAD/content/old/mischer/main.back	2026-09-26
spielhuus/elektrophon	content/old/mischer/mount.back	elektrophon content/old legacy folders (~34): IN or OUT? (pending ruling in STATE.md)	https://github.com/spielhuus/elektrophon/tree/HEAD/content/old/mischer/mount.back	2026-09-26
spielhuus/elektrophon	content/old/mischer/panel.back	elektrophon content/old legacy folders (~34): IN or OUT? (pending ruling in STATE.md)	https://github.com/spielhuus/elektrophon/tree/HEAD/content/old/mischer/panel.back	2026-09-26
spielhuus/elektrophon	content/old/noise	elektrophon content/old legacy folders (~34): IN or OUT? (pending ruling in STATE.md)	https://github.com/spielhuus/elektrophon/tree/HEAD/content/old/noise	2026-09-26
spielhuus/elektrophon	content/old/oberwelle	elektrophon content/old legacy folders (~34): IN or OUT? (pending ruling in STATE.md)	https://github.com/spielhuus/elektrophon/tree/HEAD/content/old/oberwelle	2026-09-26
spielhuus/elektrophon	content/old/oszillator	elektrophon content/old legacy folders (~34): IN or OUT? (pending ruling in STATE.md)	https://github.com/spielhuus/elektrophon/tree/HEAD/content/old/oszillator	2026-09-26
spielhuus/elektrophon	content/old/stmdac	elektrophon content/old legacy folders (~34): IN or OUT? (pending ruling in STATE.md)	https://github.com/spielhuus/elektrophon/tree/HEAD/content/old/stmdac	2026-09-26
spielhuus/elektrophon	content/old/vca	elektrophon content/old legacy folders (~34): IN or OUT? (pending ruling in STATE.md)	https://github.com/spielhuus/elektrophon/tree/HEAD/content/old/vca	2026-09-26
spielhuus/elektrophon	content/old/vca1	elektrophon content/old legacy folders (~34): IN or OUT? (pending ruling in STATE.md)	https://github.com/spielhuus/elektrophon/tree/HEAD/content/old/vca1	2026-09-26
spielhuus/elektrophon	content/old/welle	elektrophon content/old legacy folders (~34): IN or OUT? (pending ruling in STATE.md)	https://github.com/spielhuus/elektrophon/tree/HEAD/content/old/welle	2026-09-26
Deftaudio/Midi-boards	CVGate_Attenuator/Basic	CV/Gate Attenuator: not labelled Eurorack, no custom enclosure (bare PCB on standoffs) - left for review per d 2026-09-26; IN or OUT? (Basic)	BOM: 4 TRS sockets, 2 multi-turn pots, zener clamps, jumper headers, plastic standoffs; no eurorack power header or panel; folder not named Eurorack_* unlike the repo's eurorack boards	2026-09-26
Deftaudio/Midi-boards	CVGate_Attenuator/with_Indicator	CV/Gate Attenuator: not labelled Eurorack, no custom enclosure (bare PCB on standoffs) - left for review per d 2026-09-26; IN or OUT? (with Indicator)	BOM: 4 TRS sockets, 2 multi-turn pots, zener clamps, jumper headers, plastic standoffs; no eurorack power header or panel; folder not named Eurorack_* unlike the repo's eurorack boards	2026-09-26
Deftaudio/Midi-boards	CVGate_Attenuator/with_LED_Voltmeter	CV/Gate Attenuator: not labelled Eurorack, no custom enclosure (bare PCB on standoffs) - left for review per d 2026-09-26; IN or OUT? (LED Voltmeter)	BOM: 4 TRS sockets, 2 multi-turn pots, zener clamps, jumper headers, plastic standoffs; no eurorack power header or panel; folder not named Eurorack_* unlike the repo's eurorack boards	2026-09-26
DrJ3RK/DrJ3RK	.	DrJ3RK schematic-only circuits with no PCB: Bits-Pieces-Small-Circuits (9 PDFs: 555 AD Envelope, Gate to Trigger, Gene Splicer, MicroState, Mike Sims style VCA, PicoSubMix, PicoVCO, one-pole LPG, Lockhart folder) and New-Without-PCB-Schematic/WorkingDesigns. One row per circuit, or leave them out (no board)?	folder names; BPSC.txt empty	2026-09-26
ThisIsNotRocketScience/Eurorack-Modules	Development	ModularGrid check 2026-09-26 (TiNRS vendor page, 19 modules): no board in this folder matches a listed module. Listed modules with no matching folder anywhere in the repo: Bopp & Steve, Chameleon, CircularThing, CV-Utility, Dual Multi Trigger Buttons, Edgecutter/Wobbler Protocell, Geometric Anomaly, Mult, NextTuesday, 3x Headphone Amp. Ardabil, Switch, RectangularThing rowed (p1077-p1079); Set 4/5/7/8 hold earlier revisions of Tuesday, Wobbler, Edgecutter, BigBus (rowed from Production/). Row anything from the Development dump, or leave it out?	released modules rowed from Production/ (Tuesday, Wobbler, Edgecutter, BigBus) + Wobbler² from Set 2021/Wobbler2_kicad	2026-09-26
ThisIsNotRocketScience/Eurorack-Modules	Development/EuroForError	ModularGrid check 2026-09-26 (TiNRS vendor page, 19 modules): no board in this folder matches a listed module. Listed modules with no matching folder anywhere in the repo: Bopp & Steve, Chameleon, CircularThing, CV-Utility, Dual Multi Trigger Buttons, Edgecutter/Wobbler Protocell, Geometric Anomaly, Mult, NextTuesday, 3x Headphone Amp. Ardabil, Switch, RectangularThing rowed (p1077-p1079); Set 4/5/7/8 hold earlier revisions of Tuesday, Wobbler, Edgecutter, BigBus (rowed from Production/). Row anything from the Development dump, or leave it out?	released modules rowed from Production/ (Tuesday, Wobbler, Edgecutter, BigBus) + Wobbler² from Set 2021/Wobbler2_kicad	2026-09-26
ThisIsNotRocketScience/Eurorack-Modules	Development/Eurorack FutureSets	ModularGrid check 2026-09-26 (TiNRS vendor page, 19 modules): no board in this folder matches a listed module. Listed modules with no matching folder anywhere in the repo: Bopp & Steve, Chameleon, CircularThing, CV-Utility, Dual Multi Trigger Buttons, Edgecutter/Wobbler Protocell, Geometric Anomaly, Mult, NextTuesday, 3x Headphone Amp. Ardabil, Switch, RectangularThing rowed (p1077-p1079); Set 4/5/7/8 hold earlier revisions of Tuesday, Wobbler, Edgecutter, BigBus (rowed from Production/). Row anything from the Development dump, or leave it out?	released modules rowed from Production/ (Tuesday, Wobbler, Edgecutter, BigBus) + Wobbler² from Set 2021/Wobbler2_kicad	2026-09-26
ThisIsNotRocketScience/Eurorack-Modules	Development/Eurorack Set 1	ModularGrid check 2026-09-26 (TiNRS vendor page, 19 modules): no board in this folder matches a listed module. Listed modules with no matching folder anywhere in the repo: Bopp & Steve, Chameleon, CircularThing, CV-Utility, Dual Multi Trigger Buttons, Edgecutter/Wobbler Protocell, Geometric Anomaly, Mult, NextTuesday, 3x Headphone Amp. Ardabil, Switch, RectangularThing rowed (p1077-p1079); Set 4/5/7/8 hold earlier revisions of Tuesday, Wobbler, Edgecutter, BigBus (rowed from Production/). Row anything from the Development dump, or leave it out?	released modules rowed from Production/ (Tuesday, Wobbler, Edgecutter, BigBus) + Wobbler² from Set 2021/Wobbler2_kicad	2026-09-26
ThisIsNotRocketScience/Eurorack-Modules	Development/Eurorack Set 10	ModularGrid check 2026-09-26 (TiNRS vendor page, 19 modules): no board in this folder matches a listed module. Listed modules with no matching folder anywhere in the repo: Bopp & Steve, Chameleon, CircularThing, CV-Utility, Dual Multi Trigger Buttons, Edgecutter/Wobbler Protocell, Geometric Anomaly, Mult, NextTuesday, 3x Headphone Amp. Ardabil, Switch, RectangularThing rowed (p1077-p1079); Set 4/5/7/8 hold earlier revisions of Tuesday, Wobbler, Edgecutter, BigBus (rowed from Production/). Row anything from the Development dump, or leave it out?	released modules rowed from Production/ (Tuesday, Wobbler, Edgecutter, BigBus) + Wobbler² from Set 2021/Wobbler2_kicad	2026-09-26
ThisIsNotRocketScience/Eurorack-Modules	Development/Eurorack Set 11	ModularGrid check 2026-09-26 (TiNRS vendor page, 19 modules): no board in this folder matches a listed module. Listed modules with no matching folder anywhere in the repo: Bopp & Steve, Chameleon, CircularThing, CV-Utility, Dual Multi Trigger Buttons, Edgecutter/Wobbler Protocell, Geometric Anomaly, Mult, NextTuesday, 3x Headphone Amp. Ardabil, Switch, RectangularThing rowed (p1077-p1079); Set 4/5/7/8 hold earlier revisions of Tuesday, Wobbler, Edgecutter, BigBus (rowed from Production/). Row anything from the Development dump, or leave it out?	released modules rowed from Production/ (Tuesday, Wobbler, Edgecutter, BigBus) + Wobbler² from Set 2021/Wobbler2_kicad	2026-09-26
ThisIsNotRocketScience/Eurorack-Modules	Development/Eurorack Set 12	ModularGrid check 2026-09-26 (TiNRS vendor page, 19 modules): no board in this folder matches a listed module. Listed modules with no matching folder anywhere in the repo: Bopp & Steve, Chameleon, CircularThing, CV-Utility, Dual Multi Trigger Buttons, Edgecutter/Wobbler Protocell, Geometric Anomaly, Mult, NextTuesday, 3x Headphone Amp. Ardabil, Switch, RectangularThing rowed (p1077-p1079); Set 4/5/7/8 hold earlier revisions of Tuesday, Wobbler, Edgecutter, BigBus (rowed from Production/). Row anything from the Development dump, or leave it out?	released modules rowed from Production/ (Tuesday, Wobbler, Edgecutter, BigBus) + Wobbler² from Set 2021/Wobbler2_kicad	2026-09-26
ThisIsNotRocketScience/Eurorack-Modules	Development/Eurorack Set 12/Factory/MiniKeyb	ModularGrid check 2026-09-26 (TiNRS vendor page, 19 modules): no board in this folder matches a listed module. Listed modules with no matching folder anywhere in the repo: Bopp & Steve, Chameleon, CircularThing, CV-Utility, Dual Multi Trigger Buttons, Edgecutter/Wobbler Protocell, Geometric Anomaly, Mult, NextTuesday, 3x Headphone Amp. Ardabil, Switch, RectangularThing rowed (p1077-p1079); Set 4/5/7/8 hold earlier revisions of Tuesday, Wobbler, Edgecutter, BigBus (rowed from Production/). Row anything from the Development dump, or leave it out?	released modules rowed from Production/ (Tuesday, Wobbler, Edgecutter, BigBus) + Wobbler² from Set 2021/Wobbler2_kicad	2026-09-26
ThisIsNotRocketScience/Eurorack-Modules	Development/Eurorack Set 12/Factory/SimpleKeyboard	ModularGrid check 2026-09-26 (TiNRS vendor page, 19 modules): no board in this folder matches a listed module. Listed modules with no matching folder anywhere in the repo: Bopp & Steve, Chameleon, CircularThing, CV-Utility, Dual Multi Trigger Buttons, Edgecutter/Wobbler Protocell, Geometric Anomaly, Mult, NextTuesday, 3x Headphone Amp. Ardabil, Switch, RectangularThing rowed (p1077-p1079); Set 4/5/7/8 hold earlier revisions of Tuesday, Wobbler, Edgecutter, BigBus (rowed from Production/). Row anything from the Development dump, or leave it out?	released modules rowed from Production/ (Tuesday, Wobbler, Edgecutter, BigBus) + Wobbler² from Set 2021/Wobbler2_kicad	2026-09-26
ThisIsNotRocketScience/Eurorack-Modules	Development/Eurorack Set 12/Factory/SimpleKeyboardTeensy	ModularGrid check 2026-09-26 (TiNRS vendor page, 19 modules): no board in this folder matches a listed module. Listed modules with no matching folder anywhere in the repo: Bopp & Steve, Chameleon, CircularThing, CV-Utility, Dual Multi Trigger Buttons, Edgecutter/Wobbler Protocell, Geometric Anomaly, Mult, NextTuesday, 3x Headphone Amp. Ardabil, Switch, RectangularThing rowed (p1077-p1079); Set 4/5/7/8 hold earlier revisions of Tuesday, Wobbler, Edgecutter, BigBus (rowed from Production/). Row anything from the Development dump, or leave it out?	released modules rowed from Production/ (Tuesday, Wobbler, Edgecutter, BigBus) + Wobbler² from Set 2021/Wobbler2_kicad	2026-09-26
ThisIsNotRocketScience/Eurorack-Modules	Development/Eurorack Set 12/Factory/Speaker	ModularGrid check 2026-09-26 (TiNRS vendor page, 19 modules): no board in this folder matches a listed module. Listed modules with no matching folder anywhere in the repo: Bopp & Steve, Chameleon, CircularThing, CV-Utility, Dual Multi Trigger Buttons, Edgecutter/Wobbler Protocell, Geometric Anomaly, Mult, NextTuesday, 3x Headphone Amp. Ardabil, Switch, RectangularThing rowed (p1077-p1079); Set 4/5/7/8 hold earlier revisions of Tuesday, Wobbler, Edgecutter, BigBus (rowed from Production/). Row anything from the Development dump, or leave it out?	released modules rowed from Production/ (Tuesday, Wobbler, Edgecutter, BigBus) + Wobbler² from Set 2021/Wobbler2_kicad	2026-09-26
ThisIsNotRocketScience/Eurorack-Modules	Development/Eurorack Set 12/Factory/WestLaunch	ModularGrid check 2026-09-26 (TiNRS vendor page, 19 modules): no board in this folder matches a listed module. Listed modules with no matching folder anywhere in the repo: Bopp & Steve, Chameleon, CircularThing, CV-Utility, Dual Multi Trigger Buttons, Edgecutter/Wobbler Protocell, Geometric Anomaly, Mult, NextTuesday, 3x Headphone Amp. Ardabil, Switch, RectangularThing rowed (p1077-p1079); Set 4/5/7/8 hold earlier revisions of Tuesday, Wobbler, Edgecutter, BigBus (rowed from Production/). Row anything from the Development dump, or leave it out?	released modules rowed from Production/ (Tuesday, Wobbler, Edgecutter, BigBus) + Wobbler² from Set 2021/Wobbler2_kicad	2026-09-26
ThisIsNotRocketScience/Eurorack-Modules	Development/Eurorack Set 13	ModularGrid check 2026-09-26 (TiNRS vendor page, 19 modules): no board in this folder matches a listed module. Listed modules with no matching folder anywhere in the repo: Bopp & Steve, Chameleon, CircularThing, CV-Utility, Dual Multi Trigger Buttons, Edgecutter/Wobbler Protocell, Geometric Anomaly, Mult, NextTuesday, 3x Headphone Amp. Ardabil, Switch, RectangularThing rowed (p1077-p1079); Set 4/5/7/8 hold earlier revisions of Tuesday, Wobbler, Edgecutter, BigBus (rowed from Production/). Row anything from the Development dump, or leave it out?	released modules rowed from Production/ (Tuesday, Wobbler, Edgecutter, BigBus) + Wobbler² from Set 2021/Wobbler2_kicad	2026-09-26
ThisIsNotRocketScience/Eurorack-Modules	Development/Eurorack Set 13/Factory/ASuitable Number Of Microphones	ModularGrid check 2026-09-26 (TiNRS vendor page, 19 modules): no board in this folder matches a listed module. Listed modules with no matching folder anywhere in the repo: Bopp & Steve, Chameleon, CircularThing, CV-Utility, Dual Multi Trigger Buttons, Edgecutter/Wobbler Protocell, Geometric Anomaly, Mult, NextTuesday, 3x Headphone Amp. Ardabil, Switch, RectangularThing rowed (p1077-p1079); Set 4/5/7/8 hold earlier revisions of Tuesday, Wobbler, Edgecutter, BigBus (rowed from Production/). Row anything from the Development dump, or leave it out?	released modules rowed from Production/ (Tuesday, Wobbler, Edgecutter, BigBus) + Wobbler² from Set 2021/Wobbler2_kicad	2026-09-26
ThisIsNotRocketScience/Eurorack-Modules	Development/Eurorack Set 14	ModularGrid check 2026-09-26 (TiNRS vendor page, 19 modules): no board in this folder matches a listed module. Listed modules with no matching folder anywhere in the repo: Bopp & Steve, Chameleon, CircularThing, CV-Utility, Dual Multi Trigger Buttons, Edgecutter/Wobbler Protocell, Geometric Anomaly, Mult, NextTuesday, 3x Headphone Amp. Ardabil, Switch, RectangularThing rowed (p1077-p1079); Set 4/5/7/8 hold earlier revisions of Tuesday, Wobbler, Edgecutter, BigBus (rowed from Production/). Row anything from the Development dump, or leave it out? TiNRS - RoundedCornerThing.brd: not on ModularGrid by that name (CircularThing and RectangularThing are).	released modules rowed from Production/ (Tuesday, Wobbler, Edgecutter, BigBus) + Wobbler² from Set 2021/Wobbler2_kicad	2026-09-26
ThisIsNotRocketScience/Eurorack-Modules	Development/Eurorack Set 2	ModularGrid check 2026-09-26 (TiNRS vendor page, 19 modules): no board in this folder matches a listed module. Listed modules with no matching folder anywhere in the repo: Bopp & Steve, Chameleon, CircularThing, CV-Utility, Dual Multi Trigger Buttons, Edgecutter/Wobbler Protocell, Geometric Anomaly, Mult, NextTuesday, 3x Headphone Amp. Ardabil, Switch, RectangularThing rowed (p1077-p1079); Set 4/5/7/8 hold earlier revisions of Tuesday, Wobbler, Edgecutter, BigBus (rowed from Production/). Row anything from the Development dump, or leave it out?	released modules rowed from Production/ (Tuesday, Wobbler, Edgecutter, BigBus) + Wobbler² from Set 2021/Wobbler2_kicad	2026-09-26
ThisIsNotRocketScience/Eurorack-Modules	Development/Eurorack Set 2021	ModularGrid check 2026-09-26 (TiNRS vendor page, 19 modules): no board in this folder matches a listed module. Listed modules with no matching folder anywhere in the repo: Bopp & Steve, Chameleon, CircularThing, CV-Utility, Dual Multi Trigger Buttons, Edgecutter/Wobbler Protocell, Geometric Anomaly, Mult, NextTuesday, 3x Headphone Amp. Ardabil, Switch, RectangularThing rowed (p1077-p1079); Set 4/5/7/8 hold earlier revisions of Tuesday, Wobbler, Edgecutter, BigBus (rowed from Production/). Row anything from the Development dump, or leave it out? Boards still unrowed here: FenixCaseMixer, FenixCasePowerBoard, TINRS - Looper, TINRS - PicoLooper, TiNRS DemoCase MicPre, TiNRS-O&C-Homage, TiNRS-Space, TiNRS-Switch.brd (older twin of the rowed holeshift board).	released modules rowed from Production/ (Tuesday, Wobbler, Edgecutter, BigBus) + Wobbler² from Set 2021/Wobbler2_kicad	2026-09-26
ThisIsNotRocketScience/Eurorack-Modules	Development/Eurorack Set 2021/Ducktape_kicad	ModularGrid check 2026-09-26 (TiNRS vendor page, 19 modules): no board in this folder matches a listed module. Listed modules with no matching folder anywhere in the repo: Bopp & Steve, Chameleon, CircularThing, CV-Utility, Dual Multi Trigger Buttons, Edgecutter/Wobbler Protocell, Geometric Anomaly, Mult, NextTuesday, 3x Headphone Amp. Ardabil, Switch, RectangularThing rowed (p1077-p1079); Set 4/5/7/8 hold earlier revisions of Tuesday, Wobbler, Edgecutter, BigBus (rowed from Production/). Row anything from the Development dump, or leave it out?	released modules rowed from Production/ (Tuesday, Wobbler, Edgecutter, BigBus) + Wobbler² from Set 2021/Wobbler2_kicad	2026-09-26
ThisIsNotRocketScience/Eurorack-Modules	Development/Eurorack Set 2021/GameNight/Gamenight	ModularGrid check 2026-09-26 (TiNRS vendor page, 19 modules): no board in this folder matches a listed module. Listed modules with no matching folder anywhere in the repo: Bopp & Steve, Chameleon, CircularThing, CV-Utility, Dual Multi Trigger Buttons, Edgecutter/Wobbler Protocell, Geometric Anomaly, Mult, NextTuesday, 3x Headphone Amp. Ardabil, Switch, RectangularThing rowed (p1077-p1079); Set 4/5/7/8 hold earlier revisions of Tuesday, Wobbler, Edgecutter, BigBus (rowed from Production/). Row anything from the Development dump, or leave it out?	released modules rowed from Production/ (Tuesday, Wobbler, Edgecutter, BigBus) + Wobbler² from Set 2021/Wobbler2_kicad	2026-09-26
ThisIsNotRocketScience/Eurorack-Modules	Development/Eurorack Set 2021/MultiChannelUSB/Octonoisy	ModularGrid check 2026-09-26 (TiNRS vendor page, 19 modules): no board in this folder matches a listed module. Listed modules with no matching folder anywhere in the repo: Bopp & Steve, Chameleon, CircularThing, CV-Utility, Dual Multi Trigger Buttons, Edgecutter/Wobbler Protocell, Geometric Anomaly, Mult, NextTuesday, 3x Headphone Amp. Ardabil, Switch, RectangularThing rowed (p1077-p1079); Set 4/5/7/8 hold earlier revisions of Tuesday, Wobbler, Edgecutter, BigBus (rowed from Production/). Row anything from the Development dump, or leave it out?	released modules rowed from Production/ (Tuesday, Wobbler, Edgecutter, BigBus) + Wobbler² from Set 2021/Wobbler2_kicad	2026-09-26
ThisIsNotRocketScience/Eurorack-Modules	Development/Eurorack Set 2021/Space/Space	ModularGrid check 2026-09-26 (TiNRS vendor page, 19 modules): no board in this folder matches a listed module. Listed modules with no matching folder anywhere in the repo: Bopp & Steve, Chameleon, CircularThing, CV-Utility, Dual Multi Trigger Buttons, Edgecutter/Wobbler Protocell, Geometric Anomaly, Mult, NextTuesday, 3x Headphone Amp. Ardabil, Switch, RectangularThing rowed (p1077-p1079); Set 4/5/7/8 hold earlier revisions of Tuesday, Wobbler, Edgecutter, BigBus (rowed from Production/). Row anything from the Development dump, or leave it out?	released modules rowed from Production/ (Tuesday, Wobbler, Edgecutter, BigBus) + Wobbler² from Set 2021/Wobbler2_kicad	2026-09-26
ThisIsNotRocketScience/Eurorack-Modules	Development/Eurorack Set 2021/WhiteRabbit	ModularGrid check 2026-09-26 (TiNRS vendor page, 19 modules): no board in this folder matches a listed module. Listed modules with no matching folder anywhere in the repo: Bopp & Steve, Chameleon, CircularThing, CV-Utility, Dual Multi Trigger Buttons, Edgecutter/Wobbler Protocell, Geometric Anomaly, Mult, NextTuesday, 3x Headphone Amp. Ardabil, Switch, RectangularThing rowed (p1077-p1079); Set 4/5/7/8 hold earlier revisions of Tuesday, Wobbler, Edgecutter, BigBus (rowed from Production/). Row anything from the Development dump, or leave it out?	released modules rowed from Production/ (Tuesday, Wobbler, Edgecutter, BigBus) + Wobbler² from Set 2021/Wobbler2_kicad	2026-09-26
ThisIsNotRocketScience/Eurorack-Modules	Development/Eurorack Set 3	ModularGrid check 2026-09-26 (TiNRS vendor page, 19 modules): no board in this folder matches a listed module. Listed modules with no matching folder anywhere in the repo: Bopp & Steve, Chameleon, CircularThing, CV-Utility, Dual Multi Trigger Buttons, Edgecutter/Wobbler Protocell, Geometric Anomaly, Mult, NextTuesday, 3x Headphone Amp. Ardabil, Switch, RectangularThing rowed (p1077-p1079); Set 4/5/7/8 hold earlier revisions of Tuesday, Wobbler, Edgecutter, BigBus (rowed from Production/). Row anything from the Development dump, or leave it out?	released modules rowed from Production/ (Tuesday, Wobbler, Edgecutter, BigBus) + Wobbler² from Set 2021/Wobbler2_kicad	2026-09-26
ThisIsNotRocketScience/Eurorack-Modules	Development/Eurorack Set 4	ModularGrid check 2026-09-26 (TiNRS vendor page, 19 modules): no board in this folder matches a listed module. Listed modules with no matching folder anywhere in the repo: Bopp & Steve, Chameleon, CircularThing, CV-Utility, Dual Multi Trigger Buttons, Edgecutter/Wobbler Protocell, Geometric Anomaly, Mult, NextTuesday, 3x Headphone Amp. Ardabil, Switch, RectangularThing rowed (p1077-p1079); Set 4/5/7/8 hold earlier revisions of Tuesday, Wobbler, Edgecutter, BigBus (rowed from Production/). Row anything from the Development dump, or leave it out?	released modules rowed from Production/ (Tuesday, Wobbler, Edgecutter, BigBus) + Wobbler² from Set 2021/Wobbler2_kicad	2026-09-26
ThisIsNotRocketScience/Eurorack-Modules	Development/Eurorack Set 5	ModularGrid check 2026-09-26 (TiNRS vendor page, 19 modules): no board in this folder matches a listed module. Listed modules with no matching folder anywhere in the repo: Bopp & Steve, Chameleon, CircularThing, CV-Utility, Dual Multi Trigger Buttons, Edgecutter/Wobbler Protocell, Geometric Anomaly, Mult, NextTuesday, 3x Headphone Amp. Ardabil, Switch, RectangularThing rowed (p1077-p1079); Set 4/5/7/8 hold earlier revisions of Tuesday, Wobbler, Edgecutter, BigBus (rowed from Production/). Row anything from the Development dump, or leave it out?	released modules rowed from Production/ (Tuesday, Wobbler, Edgecutter, BigBus) + Wobbler² from Set 2021/Wobbler2_kicad	2026-09-26
ThisIsNotRocketScience/Eurorack-Modules	Development/Eurorack Set 5/FrontPanels	ModularGrid check 2026-09-26 (TiNRS vendor page, 19 modules): no board in this folder matches a listed module. Listed modules with no matching folder anywhere in the repo: Bopp & Steve, Chameleon, CircularThing, CV-Utility, Dual Multi Trigger Buttons, Edgecutter/Wobbler Protocell, Geometric Anomaly, Mult, NextTuesday, 3x Headphone Amp. Ardabil, Switch, RectangularThing rowed (p1077-p1079); Set 4/5/7/8 hold earlier revisions of Tuesday, Wobbler, Edgecutter, BigBus (rowed from Production/). Row anything from the Development dump, or leave it out?	released modules rowed from Production/ (Tuesday, Wobbler, Edgecutter, BigBus) + Wobbler² from Set 2021/Wobbler2_kicad	2026-09-26
ThisIsNotRocketScience/Eurorack-Modules	Development/Eurorack Set 6	ModularGrid check 2026-09-26 (TiNRS vendor page, 19 modules): no board in this folder matches a listed module. Listed modules with no matching folder anywhere in the repo: Bopp & Steve, Chameleon, CircularThing, CV-Utility, Dual Multi Trigger Buttons, Edgecutter/Wobbler Protocell, Geometric Anomaly, Mult, NextTuesday, 3x Headphone Amp. Ardabil, Switch, RectangularThing rowed (p1077-p1079); Set 4/5/7/8 hold earlier revisions of Tuesday, Wobbler, Edgecutter, BigBus (rowed from Production/). Row anything from the Development dump, or leave it out?	released modules rowed from Production/ (Tuesday, Wobbler, Edgecutter, BigBus) + Wobbler² from Set 2021/Wobbler2_kicad	2026-09-26
ThisIsNotRocketScience/Eurorack-Modules	Development/Eurorack Set 7(post Superbooth)	ModularGrid check 2026-09-26 (TiNRS vendor page, 19 modules): no board in this folder matches a listed module. Listed modules with no matching folder anywhere in the repo: Bopp & Steve, Chameleon, CircularThing, CV-Utility, Dual Multi Trigger Buttons, Edgecutter/Wobbler Protocell, Geometric Anomaly, Mult, NextTuesday, 3x Headphone Amp. Ardabil, Switch, RectangularThing rowed (p1077-p1079); Set 4/5/7/8 hold earlier revisions of Tuesday, Wobbler, Edgecutter, BigBus (rowed from Production/). Row anything from the Development dump, or leave it out?	released modules rowed from Production/ (Tuesday, Wobbler, Edgecutter, BigBus) + Wobbler² from Set 2021/Wobbler2_kicad	2026-09-26
ThisIsNotRocketScience/Eurorack-Modules	Development/Eurorack Set 8 - Second Production Run	ModularGrid check 2026-09-26 (TiNRS vendor page, 19 modules): no board in this folder matches a listed module. Listed modules with no matching folder anywhere in the repo: Bopp & Steve, Chameleon, CircularThing, CV-Utility, Dual Multi Trigger Buttons, Edgecutter/Wobbler Protocell, Geometric Anomaly, Mult, NextTuesday, 3x Headphone Amp. Ardabil, Switch, RectangularThing rowed (p1077-p1079); Set 4/5/7/8 hold earlier revisions of Tuesday, Wobbler, Edgecutter, BigBus (rowed from Production/). Row anything from the Development dump, or leave it out?	released modules rowed from Production/ (Tuesday, Wobbler, Edgecutter, BigBus) + Wobbler² from Set 2021/Wobbler2_kicad	2026-09-26
ThisIsNotRocketScience/Eurorack-Modules	Development/Eurorack Set 9	ModularGrid check 2026-09-26 (TiNRS vendor page, 19 modules): no board in this folder matches a listed module. Listed modules with no matching folder anywhere in the repo: Bopp & Steve, Chameleon, CircularThing, CV-Utility, Dual Multi Trigger Buttons, Edgecutter/Wobbler Protocell, Geometric Anomaly, Mult, NextTuesday, 3x Headphone Amp. Ardabil, Switch, RectangularThing rowed (p1077-p1079); Set 4/5/7/8 hold earlier revisions of Tuesday, Wobbler, Edgecutter, BigBus (rowed from Production/). Row anything from the Development dump, or leave it out? Boards still unrowed here: DelayExperiments(_Rev2), DoubleLineInModuel, KeyboardController(_r2/_r3), KeyboardPower, KeyboardSidepanel(_stack2/_r2), LineOut&Headphone(_Rev2), SubClockFix.	released modules rowed from Production/ (Tuesday, Wobbler, Edgecutter, BigBus) + Wobbler² from Set 2021/Wobbler2_kicad	2026-09-26
ThisIsNotRocketScience/Eurorack-Modules	Development/Factory/AncientFilter-euro	ModularGrid check 2026-09-26 (TiNRS vendor page, 19 modules): no board in this folder matches a listed module. Listed modules with no matching folder anywhere in the repo: Bopp & Steve, Chameleon, CircularThing, CV-Utility, Dual Multi Trigger Buttons, Edgecutter/Wobbler Protocell, Geometric Anomaly, Mult, NextTuesday, 3x Headphone Amp. Ardabil, Switch, RectangularThing rowed (p1077-p1079); Set 4/5/7/8 hold earlier revisions of Tuesday, Wobbler, Edgecutter, BigBus (rowed from Production/). Row anything from the Development dump, or leave it out?	released modules rowed from Production/ (Tuesday, Wobbler, Edgecutter, BigBus) + Wobbler² from Set 2021/Wobbler2_kicad	2026-09-26
ThisIsNotRocketScience/Eurorack-Modules	Development/Factory/CNCDriver	ModularGrid check 2026-09-26 (TiNRS vendor page, 19 modules): no board in this folder matches a listed module. Listed modules with no matching folder anywhere in the repo: Bopp & Steve, Chameleon, CircularThing, CV-Utility, Dual Multi Trigger Buttons, Edgecutter/Wobbler Protocell, Geometric Anomaly, Mult, NextTuesday, 3x Headphone Amp. Ardabil, Switch, RectangularThing rowed (p1077-p1079); Set 4/5/7/8 hold earlier revisions of Tuesday, Wobbler, Edgecutter, BigBus (rowed from Production/). Row anything from the Development dump, or leave it out?	released modules rowed from Production/ (Tuesday, Wobbler, Edgecutter, BigBus) + Wobbler² from Set 2021/Wobbler2_kicad	2026-09-26
ThisIsNotRocketScience/Eurorack-Modules	Development/Factory/SWDIsolator	ModularGrid check 2026-09-26 (TiNRS vendor page, 19 modules): no board in this folder matches a listed module. Listed modules with no matching folder anywhere in the repo: Bopp & Steve, Chameleon, CircularThing, CV-Utility, Dual Multi Trigger Buttons, Edgecutter/Wobbler Protocell, Geometric Anomaly, Mult, NextTuesday, 3x Headphone Amp. Ardabil, Switch, RectangularThing rowed (p1077-p1079); Set 4/5/7/8 hold earlier revisions of Tuesday, Wobbler, Edgecutter, BigBus (rowed from Production/). Row anything from the Development dump, or leave it out?	released modules rowed from Production/ (Tuesday, Wobbler, Edgecutter, BigBus) + Wobbler² from Set 2021/Wobbler2_kicad	2026-09-26
ThisIsNotRocketScience/Eurorack-Modules	Development/Factory/USB_MiniPower	ModularGrid check 2026-09-26 (TiNRS vendor page, 19 modules): no board in this folder matches a listed module. Listed modules with no matching folder anywhere in the repo: Bopp & Steve, Chameleon, CircularThing, CV-Utility, Dual Multi Trigger Buttons, Edgecutter/Wobbler Protocell, Geometric Anomaly, Mult, NextTuesday, 3x Headphone Amp. Ardabil, Switch, RectangularThing rowed (p1077-p1079); Set 4/5/7/8 hold earlier revisions of Tuesday, Wobbler, Edgecutter, BigBus (rowed from Production/). Row anything from the Development dump, or leave it out?	released modules rowed from Production/ (Tuesday, Wobbler, Edgecutter, BigBus) + Wobbler² from Set 2021/Wobbler2_kicad	2026-09-26
ThisIsNotRocketScience/Eurorack-Modules	Development/JacThing	ModularGrid check 2026-09-26 (TiNRS vendor page, 19 modules): no board in this folder matches a listed module. Listed modules with no matching folder anywhere in the repo: Bopp & Steve, Chameleon, CircularThing, CV-Utility, Dual Multi Trigger Buttons, Edgecutter/Wobbler Protocell, Geometric Anomaly, Mult, NextTuesday, 3x Headphone Amp. Ardabil, Switch, RectangularThing rowed (p1077-p1079); Set 4/5/7/8 hold earlier revisions of Tuesday, Wobbler, Edgecutter, BigBus (rowed from Production/). Row anything from the Development dump, or leave it out?	released modules rowed from Production/ (Tuesday, Wobbler, Edgecutter, BigBus) + Wobbler² from Set 2021/Wobbler2_kicad	2026-09-26
ThisIsNotRocketScience/Eurorack-Modules	Development/PJB-Box	ModularGrid check 2026-09-26 (TiNRS vendor page, 19 modules): no board in this folder matches a listed module. Listed modules with no matching folder anywhere in the repo: Bopp & Steve, Chameleon, CircularThing, CV-Utility, Dual Multi Trigger Buttons, Edgecutter/Wobbler Protocell, Geometric Anomaly, Mult, NextTuesday, 3x Headphone Amp. Ardabil, Switch, RectangularThing rowed (p1077-p1079); Set 4/5/7/8 hold earlier revisions of Tuesday, Wobbler, Edgecutter, BigBus (rowed from Production/). Row anything from the Development dump, or leave it out?	released modules rowed from Production/ (Tuesday, Wobbler, Edgecutter, BigBus) + Wobbler² from Set 2021/Wobbler2_kicad	2026-09-26
ThisIsNotRocketScience/Eurorack-Modules	Development/PJB-Box/Factory	ModularGrid check 2026-09-26 (TiNRS vendor page, 19 modules): no board in this folder matches a listed module. Listed modules with no matching folder anywhere in the repo: Bopp & Steve, Chameleon, CircularThing, CV-Utility, Dual Multi Trigger Buttons, Edgecutter/Wobbler Protocell, Geometric Anomaly, Mult, NextTuesday, 3x Headphone Amp. Ardabil, Switch, RectangularThing rowed (p1077-p1079); Set 4/5/7/8 hold earlier revisions of Tuesday, Wobbler, Edgecutter, BigBus (rowed from Production/). Row anything from the Development dump, or leave it out?	released modules rowed from Production/ (Tuesday, Wobbler, Edgecutter, BigBus) + Wobbler² from Set 2021/Wobbler2_kicad	2026-09-26
ThisIsNotRocketScience/Eurorack-Modules	Development/PJB-Box/Factory/UtilityStrip1	ModularGrid check 2026-09-26 (TiNRS vendor page, 19 modules): no board in this folder matches a listed module. Listed modules with no matching folder anywhere in the repo: Bopp & Steve, Chameleon, CircularThing, CV-Utility, Dual Multi Trigger Buttons, Edgecutter/Wobbler Protocell, Geometric Anomaly, Mult, NextTuesday, 3x Headphone Amp. Ardabil, Switch, RectangularThing rowed (p1077-p1079); Set 4/5/7/8 hold earlier revisions of Tuesday, Wobbler, Edgecutter, BigBus (rowed from Production/). Row anything from the Development dump, or leave it out?	released modules rowed from Production/ (Tuesday, Wobbler, Edgecutter, BigBus) + Wobbler² from Set 2021/Wobbler2_kicad	2026-09-26
ThisIsNotRocketScience/Eurorack-Modules	Development/StageProjecten	ModularGrid check 2026-09-26 (TiNRS vendor page, 19 modules): no board in this folder matches a listed module. Listed modules with no matching folder anywhere in the repo: Bopp & Steve, Chameleon, CircularThing, CV-Utility, Dual Multi Trigger Buttons, Edgecutter/Wobbler Protocell, Geometric Anomaly, Mult, NextTuesday, 3x Headphone Amp. Ardabil, Switch, RectangularThing rowed (p1077-p1079); Set 4/5/7/8 hold earlier revisions of Tuesday, Wobbler, Edgecutter, BigBus (rowed from Production/). Row anything from the Development dump, or leave it out?	released modules rowed from Production/ (Tuesday, Wobbler, Edgecutter, BigBus) + Wobbler² from Set 2021/Wobbler2_kicad	2026-09-26
ThisIsNotRocketScience/Eurorack-Modules	Development/StageProjecten/ARboard	ModularGrid check 2026-09-26 (TiNRS vendor page, 19 modules): no board in this folder matches a listed module. Listed modules with no matching folder anywhere in the repo: Bopp & Steve, Chameleon, CircularThing, CV-Utility, Dual Multi Trigger Buttons, Edgecutter/Wobbler Protocell, Geometric Anomaly, Mult, NextTuesday, 3x Headphone Amp. Ardabil, Switch, RectangularThing rowed (p1077-p1079); Set 4/5/7/8 hold earlier revisions of Tuesday, Wobbler, Edgecutter, BigBus (rowed from Production/). Row anything from the Development dump, or leave it out?	released modules rowed from Production/ (Tuesday, Wobbler, Edgecutter, BigBus) + Wobbler² from Set 2021/Wobbler2_kicad	2026-09-26
ThisIsNotRocketScience/Eurorack-Modules	Development/StageProjecten/ARboard/CAMOutputs	ModularGrid check 2026-09-26 (TiNRS vendor page, 19 modules): no board in this folder matches a listed module. Listed modules with no matching folder anywhere in the repo: Bopp & Steve, Chameleon, CircularThing, CV-Utility, Dual Multi Trigger Buttons, Edgecutter/Wobbler Protocell, Geometric Anomaly, Mult, NextTuesday, 3x Headphone Amp. Ardabil, Switch, RectangularThing rowed (p1077-p1079); Set 4/5/7/8 hold earlier revisions of Tuesday, Wobbler, Edgecutter, BigBus (rowed from Production/). Row anything from the Development dump, or leave it out?	released modules rowed from Production/ (Tuesday, Wobbler, Edgecutter, BigBus) + Wobbler² from Set 2021/Wobbler2_kicad	2026-09-26
ThisIsNotRocketScience/Eurorack-Modules	Development/StageProjecten/Factory/TiNRS&Navenant-Overstuurd	ModularGrid check 2026-09-26 (TiNRS vendor page, 19 modules): no board in this folder matches a listed module. Listed modules with no matching folder anywhere in the repo: Bopp & Steve, Chameleon, CircularThing, CV-Utility, Dual Multi Trigger Buttons, Edgecutter/Wobbler Protocell, Geometric Anomaly, Mult, NextTuesday, 3x Headphone Amp. Ardabil, Switch, RectangularThing rowed (p1077-p1079); Set 4/5/7/8 hold earlier revisions of Tuesday, Wobbler, Edgecutter, BigBus (rowed from Production/). Row anything from the Development dump, or leave it out?	released modules rowed from Production/ (Tuesday, Wobbler, Edgecutter, BigBus) + Wobbler² from Set 2021/Wobbler2_kicad	2026-09-26
ThisIsNotRocketScience/Eurorack-Modules	Development/StageProjecten/STM32test	ModularGrid check 2026-09-26 (TiNRS vendor page, 19 modules): no board in this folder matches a listed module. Listed modules with no matching folder anywhere in the repo: Bopp & Steve, Chameleon, CircularThing, CV-Utility, Dual Multi Trigger Buttons, Edgecutter/Wobbler Protocell, Geometric Anomaly, Mult, NextTuesday, 3x Headphone Amp. Ardabil, Switch, RectangularThing rowed (p1077-p1079); Set 4/5/7/8 hold earlier revisions of Tuesday, Wobbler, Edgecutter, BigBus (rowed from Production/). Row anything from the Development dump, or leave it out?	released modules rowed from Production/ (Tuesday, Wobbler, Edgecutter, BigBus) + Wobbler² from Set 2021/Wobbler2_kicad	2026-09-26
ThisIsNotRocketScience/Eurorack-Modules	Development/StageProjecten/STM32test/CAMOutputs	ModularGrid check 2026-09-26 (TiNRS vendor page, 19 modules): no board in this folder matches a listed module. Listed modules with no matching folder anywhere in the repo: Bopp & Steve, Chameleon, CircularThing, CV-Utility, Dual Multi Trigger Buttons, Edgecutter/Wobbler Protocell, Geometric Anomaly, Mult, NextTuesday, 3x Headphone Amp. Ardabil, Switch, RectangularThing rowed (p1077-p1079); Set 4/5/7/8 hold earlier revisions of Tuesday, Wobbler, Edgecutter, BigBus (rowed from Production/). Row anything from the Development dump, or leave it out?	released modules rowed from Production/ (Tuesday, Wobbler, Edgecutter, BigBus) + Wobbler² from Set 2021/Wobbler2_kicad	2026-09-26
ThisIsNotRocketScience/Eurorack-Modules	Development/StageProjecten/STM32test/Factory/stm32_03.2	ModularGrid check 2026-09-26 (TiNRS vendor page, 19 modules): no board in this folder matches a listed module. Listed modules with no matching folder anywhere in the repo: Bopp & Steve, Chameleon, CircularThing, CV-Utility, Dual Multi Trigger Buttons, Edgecutter/Wobbler Protocell, Geometric Anomaly, Mult, NextTuesday, 3x Headphone Amp. Ardabil, Switch, RectangularThing rowed (p1077-p1079); Set 4/5/7/8 hold earlier revisions of Tuesday, Wobbler, Edgecutter, BigBus (rowed from Production/). Row anything from the Development dump, or leave it out?	released modules rowed from Production/ (Tuesday, Wobbler, Edgecutter, BigBus) + Wobbler² from Set 2021/Wobbler2_kicad	2026-09-26
ThisIsNotRocketScience/Eurorack-Modules	Development/StageProjecten/STM32test/stm32 oud	ModularGrid check 2026-09-26 (TiNRS vendor page, 19 modules): no board in this folder matches a listed module. Listed modules with no matching folder anywhere in the repo: Bopp & Steve, Chameleon, CircularThing, CV-Utility, Dual Multi Trigger Buttons, Edgecutter/Wobbler Protocell, Geometric Anomaly, Mult, NextTuesday, 3x Headphone Amp. Ardabil, Switch, RectangularThing rowed (p1077-p1079); Set 4/5/7/8 hold earlier revisions of Tuesday, Wobbler, Edgecutter, BigBus (rowed from Production/). Row anything from the Development dump, or leave it out?	released modules rowed from Production/ (Tuesday, Wobbler, Edgecutter, BigBus) + Wobbler² from Set 2021/Wobbler2_kicad	2026-09-26
ThisIsNotRocketScience/Eurorack-Modules	Development/Tools	ModularGrid check 2026-09-26 (TiNRS vendor page, 19 modules): no board in this folder matches a listed module. Listed modules with no matching folder anywhere in the repo: Bopp & Steve, Chameleon, CircularThing, CV-Utility, Dual Multi Trigger Buttons, Edgecutter/Wobbler Protocell, Geometric Anomaly, Mult, NextTuesday, 3x Headphone Amp. Ardabil, Switch, RectangularThing rowed (p1077-p1079); Set 4/5/7/8 hold earlier revisions of Tuesday, Wobbler, Edgecutter, BigBus (rowed from Production/). Row anything from the Development dump, or leave it out?	released modules rowed from Production/ (Tuesday, Wobbler, Edgecutter, BigBus) + Wobbler² from Set 2021/Wobbler2_kicad	2026-09-26
ThisIsNotRocketScience/Eurorack-Modules	Eurorack Set 9	ModularGrid check 2026-09-26 (TiNRS vendor page, 19 modules): no board in this folder matches a listed module. Listed modules with no matching folder anywhere in the repo: Bopp & Steve, Chameleon, CircularThing, CV-Utility, Dual Multi Trigger Buttons, Edgecutter/Wobbler Protocell, Geometric Anomaly, Mult, NextTuesday, 3x Headphone Amp. Ardabil, Switch, RectangularThing rowed (p1077-p1079); Set 4/5/7/8 hold earlier revisions of Tuesday, Wobbler, Edgecutter, BigBus (rowed from Production/). Row anything from the Development dump, or leave it out?	released modules rowed from Production/ (Tuesday, Wobbler, Edgecutter, BigBus) + Wobbler² from Set 2021/Wobbler2_kicad	2026-09-26
ThisIsNotRocketScience/Eurorack-Modules	RobGould	ModularGrid check 2026-09-26 (TiNRS vendor page, 19 modules): no board in this folder matches a listed module. Listed modules with no matching folder anywhere in the repo: Bopp & Steve, Chameleon, CircularThing, CV-Utility, Dual Multi Trigger Buttons, Edgecutter/Wobbler Protocell, Geometric Anomaly, Mult, NextTuesday, 3x Headphone Amp. Ardabil, Switch, RectangularThing rowed (p1077-p1079); Set 4/5/7/8 hold earlier revisions of Tuesday, Wobbler, Edgecutter, BigBus (rowed from Production/). Row anything from the Development dump, or leave it out?	released modules rowed from Production/ (Tuesday, Wobbler, Edgecutter, BigBus) + Wobbler² from Set 2021/Wobbler2_kicad	2026-09-26
ThisIsNotRocketScience/Eurorack-Modules	RobGould/Sample	ModularGrid check 2026-09-26 (TiNRS vendor page, 19 modules): no board in this folder matches a listed module. Listed modules with no matching folder anywhere in the repo: Bopp & Steve, Chameleon, CircularThing, CV-Utility, Dual Multi Trigger Buttons, Edgecutter/Wobbler Protocell, Geometric Anomaly, Mult, NextTuesday, 3x Headphone Amp. Ardabil, Switch, RectangularThing rowed (p1077-p1079); Set 4/5/7/8 hold earlier revisions of Tuesday, Wobbler, Edgecutter, BigBus (rowed from Production/). Row anything from the Development dump, or leave it out?	released modules rowed from Production/ (Tuesday, Wobbler, Edgecutter, BigBus) + Wobbler² from Set 2021/Wobbler2_kicad	2026-09-26
RebelTechnology/RebelTechnology	ArmControl	ModularGrid check 2026-09-26 (Rebel Technology vendor page, 27 modules): not listed. Gonies and Open Sound Module rowed (p1080-p1081). Row as a prototype or leave out?	repo description 'Repository for Rebel Technology modules and prototypes'; released modules already rowed	2026-09-26
RebelTechnology/RebelTechnology	BalancedIO	ModularGrid check 2026-09-26 (Rebel Technology vendor page, 27 modules): not listed. Gonies and Open Sound Module rowed (p1080-p1081). Row as a prototype or leave out?	repo description 'Repository for Rebel Technology modules and prototypes'; released modules already rowed	2026-09-26
RebelTechnology/RebelTechnology	EffectsBox	ModularGrid check 2026-09-26 (Rebel Technology vendor page, 27 modules): not listed. Gonies and Open Sound Module rowed (p1080-p1081). Row as a prototype or leave out?	repo description 'Repository for Rebel Technology modules and prototypes'; released modules already rowed	2026-09-26
RebelTechnology/RebelTechnology	FascinationMachine	ModularGrid check 2026-09-26 (Rebel Technology vendor page, 27 modules): not listed. Gonies and Open Sound Module rowed (p1080-p1081). Row as a prototype or leave out?	repo description 'Repository for Rebel Technology modules and prototypes'; released modules already rowed	2026-09-26
RebelTechnology/RebelTechnology	Igor	ModularGrid check 2026-09-26 (Rebel Technology vendor page, 27 modules): not listed. Gonies and Open Sound Module rowed (p1080-p1081). Row as a prototype or leave out?	repo description 'Repository for Rebel Technology modules and prototypes'; released modules already rowed	2026-09-26
RebelTechnology/RebelTechnology	Manifold	ModularGrid check 2026-09-26 (Rebel Technology vendor page, 27 modules): not listed. Gonies and Open Sound Module rowed (p1080-p1081). Row as a prototype or leave out?	repo description 'Repository for Rebel Technology modules and prototypes'; released modules already rowed	2026-09-26
RebelTechnology/RebelTechnology	MersenneTwister	ModularGrid check 2026-09-26 (Rebel Technology vendor page, 27 modules): not listed. Gonies and Open Sound Module rowed (p1080-p1081). Row as a prototype or leave out?	repo description 'Repository for Rebel Technology modules and prototypes'; released modules already rowed	2026-09-26
RebelTechnology/RebelTechnology	MiniMixer	ModularGrid check 2026-09-26 (Rebel Technology vendor page, 27 modules): not listed. Gonies and Open Sound Module rowed (p1080-p1081). Row as a prototype or leave out?	repo description 'Repository for Rebel Technology modules and prototypes'; released modules already rowed	2026-09-26
RebelTechnology/RebelTechnology	MiniPowerAdaptor	ModularGrid check 2026-09-26 (Rebel Technology vendor page, 27 modules): not listed. Gonies and Open Sound Module rowed (p1080-p1081). Row as a prototype or leave out?	repo description 'Repository for Rebel Technology modules and prototypes'; released modules already rowed	2026-09-26
RebelTechnology/RebelTechnology	MorphingVCA	ModularGrid check 2026-09-26 (Rebel Technology vendor page, 27 modules): not listed. Gonies and Open Sound Module rowed (p1080-p1081). Row as a prototype or leave out?	repo description 'Repository for Rebel Technology modules and prototypes'; released modules already rowed	2026-09-26
RebelTechnology/RebelTechnology	Mussol	ModularGrid check 2026-09-26 (Rebel Technology vendor page, 27 modules): not listed. Gonies and Open Sound Module rowed (p1080-p1081). Row as a prototype or leave out?	repo description 'Repository for Rebel Technology modules and prototypes'; released modules already rowed	2026-09-26
RebelTechnology/RebelTechnology	NightLight	ModularGrid check 2026-09-26 (Rebel Technology vendor page, 27 modules): not listed. Gonies and Open Sound Module rowed (p1080-p1081). Row as a prototype or leave out?	repo description 'Repository for Rebel Technology modules and prototypes'; released modules already rowed	2026-09-26
RebelTechnology/RebelTechnology	Noctua1	ModularGrid check 2026-09-26 (Rebel Technology vendor page, 27 modules): not listed. Gonies and Open Sound Module rowed (p1080-p1081). Row as a prototype or leave out?	repo description 'Repository for Rebel Technology modules and prototypes'; released modules already rowed	2026-09-26
RebelTechnology/RebelTechnology	Noctua2	ModularGrid check 2026-09-26 (Rebel Technology vendor page, 27 modules): not listed. Gonies and Open Sound Module rowed (p1080-p1081). Row as a prototype or leave out?	repo description 'Repository for Rebel Technology modules and prototypes'; released modules already rowed	2026-09-26
RebelTechnology/RebelTechnology	OWL	ModularGrid check 2026-09-26: OWL Pedal is listed only in ModularGrid's pedal section (/p/), not the eurorack list; OWL/ holds the pedal boards (owl.brd, owl-digital.brd, controller.brd, OwlPedalLabels.svg), OWL2/ owl-digital-2.brd. The OwlPedal folder was skipped as not eurorack - same treatment?	repo description 'Repository for Rebel Technology modules and prototypes'; released modules already rowed	2026-09-26
RebelTechnology/RebelTechnology	OWL2	ModularGrid check 2026-09-26: OWL Pedal is listed only in ModularGrid's pedal section (/p/), not the eurorack list; OWL/ holds the pedal boards (owl.brd, owl-digital.brd, controller.brd, OwlPedalLabels.svg), OWL2/ owl-digital-2.brd. The OwlPedal folder was skipped as not eurorack - same treatment?	repo description 'Repository for Rebel Technology modules and prototypes'; released modules already rowed	2026-09-26
RebelTechnology/RebelTechnology	OledAdapter	ModularGrid check 2026-09-26 (Rebel Technology vendor page, 27 modules): not listed. Gonies and Open Sound Module rowed (p1080-p1081). Row as a prototype or leave out?	repo description 'Repository for Rebel Technology modules and prototypes'; released modules already rowed	2026-09-26
RebelTechnology/RebelTechnology	OwlRack	ModularGrid check 2026-09-26 (Rebel Technology vendor page, 27 modules): not listed. Gonies and Open Sound Module rowed (p1080-p1081). Row as a prototype or leave out?	repo description 'Repository for Rebel Technology modules and prototypes'; released modules already rowed	2026-09-26
RebelTechnology/RebelTechnology	PatchBay	ModularGrid check 2026-09-26 (Rebel Technology vendor page, 27 modules): not listed. Gonies and Open Sound Module rowed (p1080-p1081). Row as a prototype or leave out?	repo description 'Repository for Rebel Technology modules and prototypes'; released modules already rowed	2026-09-26
RebelTechnology/RebelTechnology	Periscope	ModularGrid check 2026-09-26 (Rebel Technology vendor page, 27 modules): not listed. Gonies and Open Sound Module rowed (p1080-p1081). Row as a prototype or leave out?	repo description 'Repository for Rebel Technology modules and prototypes'; released modules already rowed	2026-09-26
RebelTechnology/RebelTechnology	PowerBoard	ModularGrid check 2026-09-26 (Rebel Technology vendor page, 27 modules): not listed. Gonies and Open Sound Module rowed (p1080-p1081). Row as a prototype or leave out?	repo description 'Repository for Rebel Technology modules and prototypes'; released modules already rowed	2026-09-26
RebelTechnology/RebelTechnology	Prism	ModularGrid check 2026-09-26 (Rebel Technology vendor page, 27 modules): not listed. Gonies and Open Sound Module rowed (p1080-p1081). Row as a prototype or leave out?	repo description 'Repository for Rebel Technology modules and prototypes'; released modules already rowed	2026-09-26
RebelTechnology/RebelTechnology	Processor	ModularGrid check 2026-09-26 (Rebel Technology vendor page, 27 modules): not listed. Gonies and Open Sound Module rowed (p1080-p1081). Row as a prototype or leave out?	repo description 'Repository for Rebel Technology modules and prototypes'; released modules already rowed	2026-09-26
RebelTechnology/RebelTechnology	QuantumEntaglement	ModularGrid check 2026-09-26 (Rebel Technology vendor page, 27 modules): not listed. Gonies and Open Sound Module rowed (p1080-p1081). Row as a prototype or leave out?	repo description 'Repository for Rebel Technology modules and prototypes'; released modules already rowed	2026-09-26
RebelTechnology/RebelTechnology	Slices	ModularGrid check 2026-09-26 (Rebel Technology vendor page, 27 modules): not listed. Gonies and Open Sound Module rowed (p1080-p1081). Row as a prototype or leave out?	repo description 'Repository for Rebel Technology modules and prototypes'; released modules already rowed	2026-09-26
RebelTechnology/RebelTechnology	Tesseract	ModularGrid check 2026-09-26 (Rebel Technology vendor page, 27 modules): not listed. Gonies and Open Sound Module rowed (p1080-p1081). Row as a prototype or leave out?	repo description 'Repository for Rebel Technology modules and prototypes'; released modules already rowed	2026-09-26
RebelTechnology/RebelTechnology	Triggy	ModularGrid check 2026-09-26 (Rebel Technology vendor page, 27 modules): not listed. Gonies and Open Sound Module rowed (p1080-p1081). Row as a prototype or leave out?	repo description 'Repository for Rebel Technology modules and prototypes'; released modules already rowed	2026-09-26
RebelTechnology/RebelTechnology	VCAMixer	ModularGrid check 2026-09-26 (Rebel Technology vendor page, 27 modules): not listed. Gonies and Open Sound Module rowed (p1080-p1081). Row as a prototype or leave out?	repo description 'Repository for Rebel Technology modules and prototypes'; released modules already rowed	2026-09-26
RebelTechnology/RebelTechnology	Volty	ModularGrid check 2026-09-26 (Rebel Technology vendor page, 27 modules): not listed. Gonies and Open Sound Module rowed (p1080-p1081). Row as a prototype or leave out?	repo description 'Repository for Rebel Technology modules and prototypes'; released modules already rowed	2026-09-26
RebelTechnology/RebelTechnology	Witch	ModularGrid check 2026-09-26 (Rebel Technology vendor page, 27 modules): not listed. Gonies and Open Sound Module rowed (p1080-p1081). Row as a prototype or leave out?	repo description 'Repository for Rebel Technology modules and prototypes'; released modules already rowed	2026-09-26
RebelTechnology/RebelTechnology	Xibeca	ModularGrid check 2026-09-26 (Rebel Technology vendor page, 27 modules): not listed. Gonies and Open Sound Module rowed (p1080-p1081). Row as a prototype or leave out?	repo description 'Repository for Rebel Technology modules and prototypes'; released modules already rowed	2026-09-26
RebelTechnology/RebelTechnology	VactrolMixer	VactrolMixer folder: row written for the THT 'Mod Matrix Mixer 2x4x2' board; VactrolMixer.brd (SMD, 67 parts) is also there. Same module (SMD version -> alt. version row) or a different module?	components.sh per board	2026-09-26
microresearch/allcolours	all_colours_kicad_analogue	ModularGrid check 2026-09-26 (Erd vendor page, 18 modules) + maker page http://1010.co.uk/org/ERD.html: not listed. 8 listed modules rowed (p1069-p1076). earlier analogue design of All the Colours of the Noise (last commit 2020; released module rowed from all_colours_kicad, p1069). Variant row, or out?	https://modulargrid.net/e/erd-erd-toad ; https://modulargrid.net/e/erd-erd-worm-populus-edition ; microresearch/WORM rows exist	2026-09-26
microresearch/allcolours	all_colours_kicad_analogue_breakup	ModularGrid check 2026-09-26 (Erd vendor page, 18 modules) + maker page http://1010.co.uk/org/ERD.html: not listed. 8 listed modules rowed (p1069-p1076). copy of the analogue board (last commit 2018) - same question as all_colours_kicad_analogue.	https://modulargrid.net/e/erd-erd-toad ; https://modulargrid.net/e/erd-erd-worm-populus-edition ; microresearch/WORM rows exist	2026-09-26
microresearch/allcolours	filter	ModularGrid check 2026-09-26 (Erd vendor page, 18 modules) + maker page http://1010.co.uk/org/ERD.html: not listed. 8 listed modules rowed (p1069-p1076). filter.kicad_pcb (156 parts) with sheets bintic/control/power shared with TOAD/FINAL_FINAL - an earlier TOAD stage, or its own module?	https://modulargrid.net/e/erd-erd-toad ; https://modulargrid.net/e/erd-erd-worm-populus-edition ; microresearch/WORM rows exist	2026-09-26
microresearch/allcolours	own_touch	ModularGrid check 2026-09-26 (Erd vendor page, 18 modules) + maker page http://1010.co.uk/org/ERD.html: not listed. 8 listed modules rowed (p1069-p1076). THT touch board (touch.kicad_pcb, 76 THT passives + 10 DIP): row or out?	https://modulargrid.net/e/erd-erd-toad ; https://modulargrid.net/e/erd-erd-worm-populus-edition ; microresearch/WORM rows exist	2026-09-26
microresearch/allcolours	touch/touch_kicad_2024	ModularGrid check 2026-09-26 (Erd vendor page, 18 modules) + maker page http://1010.co.uk/org/ERD.html: not listed. 8 listed modules rowed (p1069-p1076). touch/* folders (touch.kicad_pcb + panels, late2023/2024 revisions): the maker page announces ERD/VIA for 'disembodied touch control' (mid-2026, not on ModularGrid yet) - row the newest touch build as VIA, wait, or out?	https://modulargrid.net/e/erd-erd-toad ; https://modulargrid.net/e/erd-erd-worm-populus-edition ; microresearch/WORM rows exist	2026-09-26
microresearch/allcolours	touch/touch_kicad_2024/touch_panel	ModularGrid check 2026-09-26 (Erd vendor page, 18 modules) + maker page http://1010.co.uk/org/ERD.html: not listed. 8 listed modules rowed (p1069-p1076). touch/* folders (touch.kicad_pcb + panels, late2023/2024 revisions): the maker page announces ERD/VIA for 'disembodied touch control' (mid-2026, not on ModularGrid yet) - row the newest touch build as VIA, wait, or out?	https://modulargrid.net/e/erd-erd-toad ; https://modulargrid.net/e/erd-erd-worm-populus-edition ; microresearch/WORM rows exist	2026-09-26
microresearch/allcolours	touch/touch_kicad_2024/touch_panel_filter	ModularGrid check 2026-09-26 (Erd vendor page, 18 modules) + maker page http://1010.co.uk/org/ERD.html: not listed. 8 listed modules rowed (p1069-p1076). touch/* folders (touch.kicad_pcb + panels, late2023/2024 revisions): the maker page announces ERD/VIA for 'disembodied touch control' (mid-2026, not on ModularGrid yet) - row the newest touch build as VIA, wait, or out?	https://modulargrid.net/e/erd-erd-toad ; https://modulargrid.net/e/erd-erd-worm-populus-edition ; microresearch/WORM rows exist	2026-09-26
microresearch/allcolours	touch/touch_kicad_late2023	ModularGrid check 2026-09-26 (Erd vendor page, 18 modules) + maker page http://1010.co.uk/org/ERD.html: not listed. 8 listed modules rowed (p1069-p1076). touch/* folders (touch.kicad_pcb + panels, late2023/2024 revisions): the maker page announces ERD/VIA for 'disembodied touch control' (mid-2026, not on ModularGrid yet) - row the newest touch build as VIA, wait, or out?	https://modulargrid.net/e/erd-erd-toad ; https://modulargrid.net/e/erd-erd-worm-populus-edition ; microresearch/WORM rows exist	2026-09-26
microresearch/allcolours	touch/touch_kicad_late2023/jlcpcb	ModularGrid check 2026-09-26 (Erd vendor page, 18 modules) + maker page http://1010.co.uk/org/ERD.html: not listed. 8 listed modules rowed (p1069-p1076). touch/* folders (touch.kicad_pcb + panels, late2023/2024 revisions): the maker page announces ERD/VIA for 'disembodied touch control' (mid-2026, not on ModularGrid yet) - row the newest touch build as VIA, wait, or out?	https://modulargrid.net/e/erd-erd-toad ; https://modulargrid.net/e/erd-erd-worm-populus-edition ; microresearch/WORM rows exist	2026-09-26
microresearch/allcolours	touch/touch_kicad_late2023/touch_panel	ModularGrid check 2026-09-26 (Erd vendor page, 18 modules) + maker page http://1010.co.uk/org/ERD.html: not listed. 8 listed modules rowed (p1069-p1076). touch/* folders (touch.kicad_pcb + panels, late2023/2024 revisions): the maker page announces ERD/VIA for 'disembodied touch control' (mid-2026, not on ModularGrid yet) - row the newest touch build as VIA, wait, or out?	https://modulargrid.net/e/erd-erd-toad ; https://modulargrid.net/e/erd-erd-worm-populus-edition ; microresearch/WORM rows exist	2026-09-26
microresearch/allcolours	touch/touch_kicad_late2023/touch_panel_filter	ModularGrid check 2026-09-26 (Erd vendor page, 18 modules) + maker page http://1010.co.uk/org/ERD.html: not listed. 8 listed modules rowed (p1069-p1076). touch/* folders (touch.kicad_pcb + panels, late2023/2024 revisions): the maker page announces ERD/VIA for 'disembodied touch control' (mid-2026, not on ModularGrid yet) - row the newest touch build as VIA, wait, or out?	https://modulargrid.net/e/erd-erd-toad ; https://modulargrid.net/e/erd-erd-worm-populus-edition ; microresearch/WORM rows exist	2026-09-26
microresearch/allcolours	touch/touch_kicad_new2024	ModularGrid check 2026-09-26 (Erd vendor page, 18 modules) + maker page http://1010.co.uk/org/ERD.html: not listed. 8 listed modules rowed (p1069-p1076). touch/* folders (touch.kicad_pcb + panels, late2023/2024 revisions): the maker page announces ERD/VIA for 'disembodied touch control' (mid-2026, not on ModularGrid yet) - row the newest touch build as VIA, wait, or out?	https://modulargrid.net/e/erd-erd-toad ; https://modulargrid.net/e/erd-erd-worm-populus-edition ; microresearch/WORM rows exist	2026-09-26
microresearch/allcolours	touch/touch_kicad_new2024/touch_panel	ModularGrid check 2026-09-26 (Erd vendor page, 18 modules) + maker page http://1010.co.uk/org/ERD.html: not listed. 8 listed modules rowed (p1069-p1076). touch/* folders (touch.kicad_pcb + panels, late2023/2024 revisions): the maker page announces ERD/VIA for 'disembodied touch control' (mid-2026, not on ModularGrid yet) - row the newest touch build as VIA, wait, or out?	https://modulargrid.net/e/erd-erd-toad ; https://modulargrid.net/e/erd-erd-worm-populus-edition ; microresearch/WORM rows exist	2026-09-26
microresearch/allcolours	touch/touch_kicad_new2024/touch_panel_filter	ModularGrid check 2026-09-26 (Erd vendor page, 18 modules) + maker page http://1010.co.uk/org/ERD.html: not listed. 8 listed modules rowed (p1069-p1076). touch/* folders (touch.kicad_pcb + panels, late2023/2024 revisions): the maker page announces ERD/VIA for 'disembodied touch control' (mid-2026, not on ModularGrid yet) - row the newest touch build as VIA, wait, or out?	https://modulargrid.net/e/erd-erd-toad ; https://modulargrid.net/e/erd-erd-worm-populus-edition ; microresearch/WORM rows exist	2026-09-26
microresearch/allcolours	touch/touch_kicad_protection	ModularGrid check 2026-09-26 (Erd vendor page, 18 modules) + maker page http://1010.co.uk/org/ERD.html: not listed. 8 listed modules rowed (p1069-p1076). touch/* folders (touch.kicad_pcb + panels, late2023/2024 revisions): the maker page announces ERD/VIA for 'disembodied touch control' (mid-2026, not on ModularGrid yet) - row the newest touch build as VIA, wait, or out?	https://modulargrid.net/e/erd-erd-toad ; https://modulargrid.net/e/erd-erd-worm-populus-edition ; microresearch/WORM rows exist	2026-09-26
microresearch/allcolours	touch/touch_kicad_protection/touch_panel	ModularGrid check 2026-09-26 (Erd vendor page, 18 modules) + maker page http://1010.co.uk/org/ERD.html: not listed. 8 listed modules rowed (p1069-p1076). touch/* folders (touch.kicad_pcb + panels, late2023/2024 revisions): the maker page announces ERD/VIA for 'disembodied touch control' (mid-2026, not on ModularGrid yet) - row the newest touch build as VIA, wait, or out?	https://modulargrid.net/e/erd-erd-toad ; https://modulargrid.net/e/erd-erd-worm-populus-edition ; microresearch/WORM rows exist	2026-09-26
microresearch/allcolours	touch/touch_kicad_protection/touch_panel_filter	ModularGrid check 2026-09-26 (Erd vendor page, 18 modules) + maker page http://1010.co.uk/org/ERD.html: not listed. 8 listed modules rowed (p1069-p1076). touch/* folders (touch.kicad_pcb + panels, late2023/2024 revisions): the maker page announces ERD/VIA for 'disembodied touch control' (mid-2026, not on ModularGrid yet) - row the newest touch build as VIA, wait, or out?	https://modulargrid.net/e/erd-erd-toad ; https://modulargrid.net/e/erd-erd-worm-populus-edition ; microresearch/WORM rows exist	2026-09-26
vauxflores/Electronics	CascaMesa	vauxflores CascaMesa: maker page lists it under Synthesizers - passive device powered through its 1/8in input jacks, 'comes in Euro flavor'. Is the repo's CascaMesa folder (root, not under Eurorack/) the Euro version - IN or OUT?	https://vauxflores.com/electronics/cascamesa/	2026-09-26
vauxflores/Electronics	XimeTron/XT-09_Gold Standard	vauxflores XimeTron: maker page calls it 'a batch of modules that can combine into an open-ended instrument' (acrylic sandwich, own XT-01 power) and lists Gold Standard as a guitar pedal; Eyecillator is a standalone 9V synth. Existing rows p545 (Eyecillator), p546-p549 and p864-p865 (XimeTron) may be OUT - keep or remove? XT-09 Gold Standard waits on this.	https://vauxflores.com/electronics/ximetrons/ ; https://vauxflores.com/electronics/eyecillator-2019/ ('9v center tip negative ... guitar pedal power supplies'); https://vauxflores.com/electronics/gold-standard/	2026-09-26
Deftaudio/Midi-boards	9V_Converter	Deftaudio board without a custom enclosure and not labelled Eurorack (d 2026-09-26: include Eurorack-labelled, exclude custom enclosures, leave the rest for review) - IN or OUT?	bare PCB photos (e.g. 9V_Converter_front.JPG); Deftaudio's eurorack line is the Eurorack_* folders	2026-09-26
Deftaudio/Midi-boards	Korg DDD Expansion Card	Deftaudio board without a custom enclosure and not labelled Eurorack (d 2026-09-26: include Eurorack-labelled, exclude custom enclosures, leave the rest for review) - IN or OUT?	bare PCB photos (e.g. Korg DDD Expansion Card_front.JPG); Deftaudio's eurorack line is the Eurorack_* folders	2026-09-26
Deftaudio/Midi-boards	MIDITeensy4.0	Deftaudio board without a custom enclosure and not labelled Eurorack (d 2026-09-26: include Eurorack-labelled, exclude custom enclosures, leave the rest for review) - IN or OUT?	bare PCB photos (e.g. MIDITeensy4.0_front.JPG); Deftaudio's eurorack line is the Eurorack_* folders	2026-09-26
Deftaudio/Midi-boards	MIDI_RS232	Deftaudio board without a custom enclosure and not labelled Eurorack (d 2026-09-26: include Eurorack-labelled, exclude custom enclosures, leave the rest for review) - IN or OUT?	bare PCB photos (e.g. MIDI_RS232_front.JPG); Deftaudio's eurorack line is the Eurorack_* folders	2026-09-26
Deftaudio/Midi-boards	MidiAnySync	Deftaudio board without a custom enclosure and not labelled Eurorack (d 2026-09-26: include Eurorack-labelled, exclude custom enclosures, leave the rest for review) - IN or OUT?	bare PCB photos (e.g. MidiAnySync_front.JPG); Deftaudio's eurorack line is the Eurorack_* folders	2026-09-26
Deftaudio/Midi-boards	MidiMerge2in5out	Deftaudio board without a custom enclosure and not labelled Eurorack (d 2026-09-26: include Eurorack-labelled, exclude custom enclosures, leave the rest for review) - IN or OUT?	bare PCB photos (e.g. MidiMerge2in5out_front.JPG); Deftaudio's eurorack line is the Eurorack_* folders	2026-09-26
Deftaudio/Midi-boards	MidiThru10	Deftaudio board without a custom enclosure and not labelled Eurorack (d 2026-09-26: include Eurorack-labelled, exclude custom enclosures, leave the rest for review) - IN or OUT?	bare PCB photos (e.g. MidiThru10_front.JPG); Deftaudio's eurorack line is the Eurorack_* folders	2026-09-26
Deftaudio/Midi-boards	MidiThru2in10out	Deftaudio board without a custom enclosure and not labelled Eurorack (d 2026-09-26: include Eurorack-labelled, exclude custom enclosures, leave the rest for review) - IN or OUT?	bare PCB photos (e.g. MidiThru2in10out_front.JPG); Deftaudio's eurorack line is the Eurorack_* folders	2026-09-26
Deftaudio/Midi-boards	MidiThruWithMerge2in10out	Deftaudio board without a custom enclosure and not labelled Eurorack (d 2026-09-26: include Eurorack-labelled, exclude custom enclosures, leave the rest for review) - IN or OUT?	bare PCB photos (e.g. MidiThruWithMerge2in10out_front.JPG); Deftaudio's eurorack line is the Eurorack_* folders	2026-09-26
