slug	build_pdf	schematic_page
winnits	WINNITS-Build-and-BOM.pdf	3
4hpneuron	4HP-Neuron-Build-and-BOM.pdf	3
dichotomyparadox	DICHOTOMY-PARADOX-Build-and-BOM.pdf	5
burhans	BURHANS-TIMBRE-Build-and-BOM.pdf	4
7555vco	7555-VCO-Build-and-BOM-v2.pdf	4
freqy	FREQY-Build-and-BOM-txt3.pdf	7
reversesigmoid	1U-REVERSE-SIGMOID-build-and-BOM-8pte.pdf	3
epilogue	Epilogue-VCF-build-and-BOM2.pdf	3
rongmid	RONG-MID-build-and-BOM.pdf	4
serenity	HOWS-THE-SERENITY-build-and-BOM.pdf	3
shavermystery	THE-SHAVER-MYSTERY-Build-and-BOM.pdf	4
spectrumshaper	SPECTRUM-SHAPER-Build-and-BOM-V5.pdf	15
bulbousalsotapered	BULBOUS-ALSO-TAPERED-VCF-Build-and-BOM.pdf	4
fastbulbous	FAST-AND-BULBOUS-VCF-Build-and-BOM.pdf	3
pathfilter	PATH-FILTER-Build-and-BOM-etm8.pdf	4
demuxphaser	DEMUX-PHASER-Build-and-BOM.pdf	4
tinteardrop	TIN-TEARDROP-VCF-Build-and-BOM-2axx.pdf	4
immix	IMMIX-Build-and-BOM.pdf	3
googoomux	GooGooMux-Build-and-BOM.pdf	3
molrelaxsim	TRANSIENT-SIM-Build-and-BOM.pdf	4
dactrol	DACTROL-Build-and-BOM.pdf	4
coupledcomparators	COUPLED-COMPARATORS-Build-and-BOM-5nds.pdf	4
pseudo	PSEUDO-Build-and-BOM.pdf	4
phonecharger	PHONE-CHARGER-Build-and-BOM.pdf	3
comparators	COMPARATORS-Build-and-BOM.pdf	3
logorrhea	LOGORRHEA-Build-and-BOM-3dat.pdf	4
macrame	MACRAME-Build-and-BOM-l97r.pdf	4
moldyrapture	Moldy-Rapture-VCO-Build-and-BOM.pdf	4
gator	GATOR-build-and-BOM.pdf	1
sandyfreckle	Sandy-Freckle-Build-and-BOM.pdf	3
fenestrated	LETS-GET-FENESTRATED-Build-and-BOM.pdf	3
1u-xor	1U-XOR-Build-and-BOM.pdf	1
mulcho	1U-MULCHO-build-and-BOM.pdf	NO
splish	SPLISH-Build-and-BOM-ypbn.pdf	2
razors	RAZORS-Build-and-BOM.pdf	4
snakejoke	SNAKE-JOKE-Build-and-BOM.pdf	3
sittinginaroom	SITTING-IN-A-ROOM-Build-and-BOM.pdf	4
more	MORE-Build-and-BOM.pdf	3
frisson	FRISSON-Build-and-BOM.pdf	4
george	George-Build-and-BOM-m4wp.pdf	3
isolate	ISOLATE-Build-and-BOM.pdf	3
cellfvoice	cellF-Voice-PCB-Build-Guide.pdf	13
cellfaction	cellF-action-BOM-build.pdf	10
fourier	FOURIER-Build-and-BOM-glam.pdf	4
chomul	CHOMUL-Build-and-BOM-62ed.pdf	3
this2shallpass	this-2-shall-pass-build-BOM.pdf	2
mingrod	Ming-Rod-Build-and-BOM.pdf	3
valmorification	VALMORIFICATION-Build-and-BOM.pdf	4
carplust	Carp-Lust-Build-and-BOM-tcpd.pdf	5
cmosc	CMOSC-EURO-Build-and-BOM-ch7d.pdf	3
mun	MUN-Build-and-BOM-nw6d.pdf	6
letsbronzeup	BRONZE-UP-Build-and-BOM.pdf	3
tinkle	TINKLE-Build-and-BOM-5fgr.pdf	4
stochaos	STOCHAOS-Build-and-BOM.pdf	5
frolic	FROLIC-Build-and-BOM.pdf	3
fmop	FM-OP-Build-and-BOM.pdf	6
suppository	The-Suppository-of-all-Wisdom-Build-and-BOM-lr6f.pdf	4
intimacy	Intimacy-Build-and-BOM-arfw.pdf	5
beatfreqs	BEAT-FREQS-Build-and-BOM.pdf	3
encephaloadjuster	Encephalo-Adjuster-Build-and-BOM.pdf	4
1u-sloth-chaos	1u_sloth_build_and_bom.pdf	3
poultryinmotion	PinM-Build-and-BOM.pdf	7
stooges	Stooges-Build-and-BOM.pdf	4
helvetica-scenario	Helvetica-Scenario-Build-and-BOM.pdf	5
1u-signum	1u_signum_build_and_bom.pdf	2
1050mixseq	mixseq1050BuildBOM-vers1-8rsr.pdf	3
329-phase-flange	329-Phase-flange-build-and-BOM.pdf	4
product	Product-Build-and-BOM-stxa.pdf	5
bongo-fury	Bongo-Fury-Build-and-BOM.pdf	3
1u-diff-rect	1u_diff-rect_build_and_bom.pdf	2
32to1	32-build-BOM.pdf	5
bigjobs	Big-Jobs-Build-and-BOM.pdf	3
ldrama	LDRama-Build-and-BOM-w38w.pdf	5
1slashn	divide_by_n_build_and_bom.pdf	3
1u-pill	1u_pills_build_and_bom.pdf	3
asdr312	ADSR312-build-BOM.pdf	3
4hp-mix	4hp_mix_build_and_bom.pdf	4
bools	BOOLs-BOM-guide-vers1.pdf	4
bong0	bong0-build-BOM.pdf	2
balter	balter_build_and_bom.pdf	3
beat-freq	beat_freq_build_and_bom.pdf	4
4seq	4SEQ-BOM-guide-dec2023.pdf	3
8bit-cipher	8bitCipher_buildBOM-new.pdf	3
badum-tisss	BadumTisss-build-BOM.pdf	4
arseq	ARSEq-BB.pdf	3
brain-custard	BrainCustard_BuildBOM_vers1.pdf	3
bbx291	BBX291-Build-and-BOM.pdf	4
cem3340-vco	CEM3340VCO-BUILD-NOTES.pdf	4
bindubba	bindubba_sequencer_build_and_bom.pdf	3
bi-di-choppers	bi-di_choppers_build_and_bom.pdf	4
cellular-automata	Cellular-Automata-Build-and-BOM.pdf	4
dual-lfo-1	WAMOD10-dual-LFO.pdf	2
dual-ota-vco	ota-vco-build-guide.pdf	3
delay-no-more	DelayNoMore-build-notes.pdf	3
divine-cmos	DivineCMOS-Euro-Build-notes.pdf	4
doof	doof_build_bom_vers5_pcb.pdf	4
dual-lfo	dual_lfo-vco_build_and_bom.pdf	4
delay-no-more-3	delaynomore3_build_and_bom.pdf	4
chopper	Chopper-BUILD-NOTES.pdf	5
choralgen	Choral-Generator-Build-and-BOM-sxp5.pdf	6
divide-and-conquer	Divide-Conquer-build-and-BOM.pdf	2
double-penetration-dp-filter	Double-Penetration-Filter-build-notes.pdf	NO
clump	Clump-Build-and-BOM-2tbz.pdf	7
dispersion-delay	dispersion_delay_build_and_bom.pdf	4
cluster	CLUSTER-guide-BOM.pdf	8
digital-filter-simulator	digi-filter_simulator_build_and_bom.pdf	5
dual-lpg	DUAL-LPG-build-and-BOM.pdf	4
fk1t-vcf	FK1T_build_BOM.pdf	4
feague	FEAGUEbuildBOM-yxyz.pdf	4
lux	LUX-Build-and-BOM.pdf	4
4hp-envelope-follower	ENV-follower.pdf	3
low-pass-gate	WAMOD4-lpg.pdf	2
mogue	mogue_build_and_bom_vers1.pdf	3
lets-splosh	splosh_build_and_bom.pdf	2
genie	genie_build_and_bom.pdf	3
flipflop-chaos	FF-Chaos-build-notes.pdf	8
giant-b0n0	giant-B0N0-build-and-BOM.pdf	6
mixer	WAMOD-mixer.pdf	NO
hyperchaos-deluxe	HYPERCHAOS-DELUXE-build-and-BOM-ml4l.pdf	4
kareishuu-vco	kareishuu_vco_build_and_bom.pdf	3
ian-fritz-hypster	hypster_build_and_bom.pdf	8
i-cant-believe-its-not-a-vco	icbinavco_build_and_bom.pdf	4
its-555	its_555_eurorack_build_and_bom.pdf	3
numberwang	Numberwang-BOM-guide.pdf	3
segue	Segue-build-BOM.pdf	2
8hp-neuron	neuron_build_bom.pdf	1
sly-grogan	sly_grogan_build_bom.pdf	3
router	Router_BuildBOM.pdf	3
multiband-distortion-processor	MBD-BOM-and-build.pdf	3
signum-hyperchaos	signum_hyperchaos_build_and_bom.pdf	5
shat-noir	shat-noir_phaser_build_and_bom.pdf	4
plague-of-demons	plague_of_demons_build_bom.pdf	7
primal-hyperchaos	Primal-build-and-BOM.pdf	2
sauce-of-unce	Sauce-of-Unce-build-notes.pdf	7
serious-filter	serious-filter-build-BOM.pdf	2
mobius-pill	mobius_pill_build_and_bom.pdf	4
resonate	RESONATE-build-and-BOM.pdf	7
null-a	NULL-A-build-BOM.pdf	25
noir0-ze	noiro-ze_vcf_vca_build_and_bom.pdf	4
statues	statues_build_and_bom.pdf	2
vac-pill	wamod_pill.pdf	2
4hp-sloth-chaos	sloth_chaos2.pdf	3
squid-axon	Squid-Axon-build-and-BOM-83ep.pdf	3
trackydacks	Tracky-Dacks-Build-and-BOM-btcn.pdf	4
timbre	timbre_build_bom_v2.pdf	5
sloth-dk	sloth_dk_build_and_bom.pdf	5
spasm	spasm_build_and_bom.pdf	4
the-big-room	the_big_room_build_and_bom.pdf	6
small-psu	WAMOD3-psu.pdf	2
vcas	VCAs-build-and-BOM.pdf	3
triple-sloth	8HP-Sloth-build-and-BOM-new.pdf	5
triad	TRIAD-build-guide.pdf	2
timbre-and-timbre	dual_timbre_build_and_bom.pdf	5
wangernumb	wangernumb_buildBOM.pdf	3
vc-adsr	VC-ADSR-Build-and-BOM.pdf	4
parts	-	NOPDF
mults	-	NOPDF
deescalate	-	NOPDF
covfefe	-	NOPDF
