repo	path	reason
polykit/pico-dco	pico-dco-pcb.png	d 2026-09-26 19:55 flagged this row's photos; checked by eye: layout plot / panel render / stripboard layout, not a photo
polykit/vco-1	polykit-vco-1-pcb.png	d 2026-09-26 19:55 flagged this row's photos; checked by eye: layout plot / panel render / stripboard layout, not a photo
mzuelch/CATs-Eurosynth	Modules/Standard Line/Abakus/Electronics/Front/Abakus Front.png	d 2026-09-26 19:55 flagged this row's photos; checked by eye: layout plot / panel render / stripboard layout, not a photo
ctag-fh-kiel/ctag-tbd	tbd.png	d 2026-09-26 19:55 flagged this row's photos; checked by eye: layout plot / panel render / stripboard layout, not a photo
Cs4System/Eurorack	Betula/Pictures/main.jpg	d 2026-09-26 19:55 flagged this row's photos; checked by eye: layout plot / panel render / stripboard layout, not a photo
Cs4System/Eurorack	Betula/Pictures/Betula_ADAT_bottom.jpg	d 2026-09-26 19:55 flagged this row's photos; checked by eye: layout plot / panel render / stripboard layout, not a photo
Cs4System/Eurorack	Betula/Pictures/Betula_Main_bottom.jpg	d 2026-09-26 19:55 flagged this row's photos; checked by eye: layout plot / panel render / stripboard layout, not a photo
Cs4System/Eurorack	Betula/Pictures/Betula_Main_top.jpg	d 2026-09-26 19:55 flagged this row's photos; checked by eye: layout plot / panel render / stripboard layout, not a photo
VincentPeters/Diy-Synth-Eurorack	DELAY/LMNC - 2399 tripple splashback/2399+image+11.jpg	d 2026-09-26 19:55 flagged this row's photos; checked by eye: layout plot / panel render / stripboard layout, not a photo
VincentPeters/Diy-Synth-Eurorack	DELAY/LMNC - 2399 tripple splashback/2399+image+12.jpg	d 2026-09-26 19:55 flagged this row's photos; checked by eye: layout plot / panel render / stripboard layout, not a photo
VincentPeters/Diy-Synth-Eurorack	DELAY/LMNC - 2399 tripple splashback/PT2399+DIY+DELAY.jpg	d 2026-09-26 19:55 flagged this row's photos; checked by eye: layout plot / panel render / stripboard layout, not a photo
VincentPeters/Diy-Synth-Eurorack	DELAY/LMNC - 2399 tripple splashback/2399+batch+1+notes.jpg	d 2026-09-26 19:55 flagged this row's photos; checked by eye: layout plot / panel render / stripboard layout, not a photo
VincentPeters/Diy-Synth-Eurorack	DELAY/LMNC - 2399 tripple splashback/2399+batch+1+notes+2+copy.jpg	d 2026-09-26 19:55 flagged this row's photos; checked by eye: layout plot / panel render / stripboard layout, not a photo
wntrblm/Helium	user_guide/docs/images/diode.jpg	d 2026-09-28 09:13 (Helium photos): checked in self-source-build.md: part-orientation close-up (build step), not a module photo
wntrblm/Helium	user_guide/docs/images/ic.jpg	d 2026-09-28 09:13 (Helium photos): checked in self-source-build.md: part-orientation close-up (build step), not a module photo
wntrblm/Helium	user_guide/docs/images/led.jpg	d 2026-09-28 09:13 (Helium photos): checked in self-source-build.md: part-orientation close-up (build step), not a module photo
poetaster/marvelousMI	marvelous-desktop_pcb.jpg	the desktop version's PCB, not the eurorack Marvelous (d 2026-09-28 23:23)
moffenzeefmodular/count	COUNT-PROGRAMMER.jpg	checked by eye 2026-10-08: firmware-flashing / tutorial image (programmer hookup, PCB back with ISP cable, software screenshot or people), not a finished-module photo
moffenzeefmodular/deviant	images/ATMEGA328 PROGRAMMER SETTINGS. UPLOAD VIA PROGRAMMER..png	checked by eye 2026-10-08: firmware-flashing / tutorial image (programmer hookup, PCB back with ISP cable, software screenshot or people), not a finished-module photo
moffenzeefmodular/deviant	images/DSC00464.JPG	checked by eye 2026-10-08: firmware-flashing / tutorial image (programmer hookup, PCB back with ISP cable, software screenshot or people), not a finished-module photo
moffenzeefmodular/deviant	images/ISP MODULE.JPG	checked by eye 2026-10-08: firmware-flashing / tutorial image (programmer hookup, PCB back with ISP cable, software screenshot or people), not a finished-module photo
moffenzeefmodular/GMO	IllustratorFiles/Renders/TutorialImages/0005465248_20.jpg	checked by eye 2026-10-08: firmware-flashing / tutorial image (programmer hookup, PCB back with ISP cable, software screenshot or people), not a finished-module photo
moffenzeefmodular/GMO	IllustratorFiles/Renders/TutorialImages/AUTO.png	checked by eye 2026-10-08: firmware-flashing / tutorial image (programmer hookup, PCB back with ISP cable, software screenshot or people), not a finished-module photo
moffenzeefmodular/GMO	IllustratorFiles/Renders/TutorialImages/HEX_4.png	checked by eye 2026-10-08: firmware-flashing / tutorial image (programmer hookup, PCB back with ISP cable, software screenshot or people), not a finished-module photo
moffenzeefmodular/GMO	IllustratorFiles/Renders/TutorialImages/IMG_1555.JPG	checked by eye 2026-10-08: firmware-flashing / tutorial image (programmer hookup, PCB back with ISP cable, software screenshot or people), not a finished-module photo
moffenzeefmodular/GMO	IllustratorFiles/Renders/TutorialImages/IMG_1556.JPG	checked by eye 2026-10-08: firmware-flashing / tutorial image (programmer hookup, PCB back with ISP cable, software screenshot or people), not a finished-module photo
moffenzeefmodular/GMO	IllustratorFiles/Renders/TutorialImages/OPEN HEX .png	checked by eye 2026-10-08: firmware-flashing / tutorial image (programmer hookup, PCB back with ISP cable, software screenshot or people), not a finished-module photo
moffenzeefmodular/GMO	IllustratorFiles/Renders/TutorialImages/TEENSY LOADER.png	checked by eye 2026-10-08: firmware-flashing / tutorial image (programmer hookup, PCB back with ISP cable, software screenshot or people), not a finished-module photo
moffenzeefmodular/GMO	IllustratorFiles/Renders/TutorialImages/TERMINAL_1.png	checked by eye 2026-10-08: firmware-flashing / tutorial image (programmer hookup, PCB back with ISP cable, software screenshot or people), not a finished-module photo
moffenzeefmodular/GMO	IllustratorFiles/Renders/TutorialImages/TERMINAL_4.png	checked by eye 2026-10-08: firmware-flashing / tutorial image (programmer hookup, PCB back with ISP cable, software screenshot or people), not a finished-module photo
moffenzeefmodular/GMO	IllustratorFiles/Renders/TutorialImages/matt.jpg	checked by eye 2026-10-08: firmware-flashing / tutorial image (programmer hookup, PCB back with ISP cable, software screenshot or people), not a finished-module photo
moffenzeefmodular/MITO	IMG_2959.jpg	checked by eye 2026-10-08: firmware-flashing / tutorial image (programmer hookup, PCB back with ISP cable, software screenshot or people), not a finished-module photo
moffenzeefmodular/MITO	mito-cable.jpg	checked by eye 2026-10-08: firmware-flashing / tutorial image (programmer hookup, PCB back with ISP cable, software screenshot or people), not a finished-module photo
moffenzeefmodular/Muskrat	Images/DSC00766.JPG	checked by eye 2026-10-08: firmware-flashing / tutorial image (programmer hookup, PCB back with ISP cable, software screenshot or people), not a finished-module photo
moffenzeefmodular/Muskrat	Images/DSC00771.JPG	checked by eye 2026-10-08: firmware-flashing / tutorial image (programmer hookup, PCB back with ISP cable, software screenshot or people), not a finished-module photo
