16n-faderbank/16nx	ca7de22	README.md	p171
16n-faderbank/16nx	ca7de22	panels/README.md	p171
4ms/DLD	dfc4295	README.md	p172
4ms/DLD	dfc4295	stm_audio_bootloader/README.md	p172
4ms/QPLFO-v22	ce67428	README.md	p318
4ms/SMR	79bc953	README.md	p173
4ms/STS	f4ee0ec	README.md	p319
4ms/STS	f4ee0ec	calcs/voltoct/README.md	p319
4ms/STS	f4ee0ec	stm_audio_bootloader/README.md	p319
4ms/SWN	3f833dd	README.md	p320
4ms/pcb-RCD-SCM-clocker	70b0867	README.md	p321,p322
508-loop-detected/bounce-sequencer	9e70af7	README.md	p174
508-loop-detected/burst	2ce744c	README.md	p175
508-loop-detected/minibounce	eca887d	README.md	p176
508-loop-detected/nverb	9b0d22a	README.md	p177
508-loop-detected/precision-adder	a83cdea	README.md	p09
508-loop-detected/quant	333171e	README.md	p178
AfterLaterAudio/Eurorack	e37aa6b	Baker/README.MD	p73
AfterLaterAudio/Eurorack	e37aa6b	Popple/README.MD	p74
AfterLaterAudio/Eurorack	e37aa6b	README.md	p73,p74,p75
AfterLaterAudio/Eurorack	e37aa6b	Rainier/README.MD	p75
AidanTek/ElectricNoodleBox	1cce25f	README.md	p551,p552,p553,p554,p555,p556,p557,p558,p559,p560,p561,p855,p856,p857
Allen-Synthesis/EuroPi	2df37f0	README.md	p323,p324
Allen-Synthesis/EuroPi	2df37f0	hardware/README.md	p323,p324
Allen-Synthesis/EuroPi	2df37f0	hardware/surface-mount/README.md	p323
Allen-Synthesis/EuroPi	2df37f0	hardware/through-hole/README.md	p324
Allen-Synthesis/Kompari	18c8aec	README.md	p179
Andreas-Dorfner/Powerline-USB-C	babfa13	README.md	p325
AudioMorphology/Europi	fe7eff0	README.md	p180,p181,p182
AudioMorphology/Europi	fe7eff0	kicad/midi_minion/README.md	p180,p181,p182
AudioMorphology/waft	f3a1b23	README.md	p183
BelaPlatform/gliss-hardware	b1a6499	README.md	p326
BleepSound/ms20-vcf-double	fece757	README.md	p409
BruteClaw/Analog-Synth	6f3befd	README.md	p37,p38,p39,p40,p41,p42,p43,p44,p45,p46,p88,p89,p90,p91,p92,p93,p94,p95,p96,p97,p98,p99,p100,p101,p102,p103,p104,p1089
BurningForceKin/ModularSynthStuff	77dfb38	README.md	p410,p411,p412,p881,p882,p950
Cs4System/Eurorack	79350ff	Betula/README.md	p413
Cs4System/Eurorack	79350ff	README.md	p413,p414,p415,p776
Cs4System/Eurorack	79350ff	Salix/README.md	p414
Cs4System/Eurorack	79350ff	Transistor_Ladder_VCF/README.md	p415
DIYSynthMNL/Eurorack-2164-Quad-Exponential-VCA	34fe2b4	README.md	p327
DIYSynthMNL/Eurorack-Electric-Druid-VCDO1	515f556	README.md	p328
DIYSynthMNL/Eurorack-PT2399-Delay	d2aea5d	README.md	p185
DJmerkury/SoundFlask	5e6a221	Bunsen/README.md	p417
DJmerkury/SoundFlask	5e6a221	Crucible/README.md	p419
DJmerkury/SoundFlask	5e6a221	Pipet/README.md	p421
DJmerkury/SoundFlask	5e6a221	README.md	p416,p417,p418,p419,p420,p421,p422,p423
DatanoiseTV/USB-C-Eurorack-PSU	ec739e5	EasyEDA_Project/README.txt	p186
DatanoiseTV/USB-C-Eurorack-PSU	ec739e5	README.md	p186
Deftaudio/Midi-boards	a5cfa31	Eurorack_RPi/README.md	p567
Deftaudio/Midi-boards	a5cfa31	README.md	p562,p563,p564,p565,p566,p567,p568,p569,p570,p571,p869,p1093,p1094
DenBelmans/Eurorack-Dual-VCA	64512fe	README.md	p187
DrJ3RK/DrJ3RK	181847b	README.md	p802,p803,p804,p805,p806,p807,p808,p809,p810,p811,p812,p813,p814,p815,p816,p817,p818,p819,p820,p821,p822,p823,p824,p913,p1069,p1070,p1071,p1072,p1073,p1074,p1075
Emute-Lab-Instruments/uSEQ	b628d0e	README.md	p424,p888
Fihdi/BIPO	3c15d0c	README.md	p188
Fihdi/DICE	f1f9849	README.md	p189
Fihdi/MiniDrumkit	d19d41d	README.md	p05
Fihdi/SCULPT	7f939dc	README.md	p190
Fihdi/SVF12	c41904d	README.md	p191
Fihdi/UNO	a0d3457	README.md	p192
Fihdi/VCAR	fce8119	README.md	p193
Floating-Knobs/Cuisine_Hardware	8f113af	README.md	p194
GroundGrown/eurorack-modules	5347e7d	README.md	p778,p779,p780,p781,p782,p783,p784,p785,p786,p787,p788,p789,p790,p791,p792,p793,p794,p795,p796,p797,p798,p799,p800,p801
JMHanson4/Miasma_1.03_Revised	de19490	README.md	p329
KittenVillage/Benjolin	fe9efd4	README.md	p07
L71/0x01_max261	8d8f279dc4	README.md	p1048
L71/0x02_env	d4204fb98e	README.md	p1049
L71/0x03_2ch_quantizer	64121ccb61	README.md	p1050
L71/1LFO	e2f52207ae	README.md	p1051
L71/2xVCA	5f4a567bb8	README.md	p1052,p1053
L71/3xCV	d265c202dd	README.md	p1054
L71/ADSR2	7a96ad0fd2	README.md	p1055
L71/BleepDrum-Eurorack	5ec03f2123	README.md	p1056
L71/Logic	72a732f426	README.md	p1058,p1059,p1060
L71/MS20VCF	a679e120e6	README.md	p1061
L71/PolivoksVCF	97432bc956	README.md	p1062
L71/ToneControl	3ec8b838c0	README.md	p1063
L71/VCLFO	bc3b56b	README.md	p195
L71/XOR	914c183d89	README.md	p1064
L71/lofisampler	64a39f56d4	README.md	p1057
L71/small_projects	9f17095	README.md	p901,p902,p903,p1068
LjungrennAudio/ryomodular-com-2xvcx	166841b	README.md	p883
M4ngu/FranKinksTides	e68e721	README.md	p330
M4ngu/Sweet-Sixteen	ed8b34c	README.md	p197
M4ngu/Sweet-Sixteen	ed8b34c	hardware/README.md	p197
MMImodular/Modules	88aa83b	Attenumults/README.md	p425
MMImodular/Modules	88aa83b	Cirrus/ReadMe.md	p765
MMImodular/Modules	88aa83b	DDB Power Supply/ReadMe.md	p426
MMImodular/Modules	88aa83b	Octaverter/ReadMe.MD	p766
MMImodular/Modules	88aa83b	Passive Attenuator/Quick Mix/ReadMe.MD	p427
MMImodular/Modules	88aa83b	Passive Attenuator/ReadMe.MD	p427
MMImodular/Modules	88aa83b	Planks/ReadMe.md	p767
MMImodular/Modules	88aa83b	README.md	p425,p426,p427,p428,p765,p766,p767,p768
MMImodular/Modules	88aa83b	Two Nine Five/ReadMe.MD	p768
MMImodular/Modules	88aa83b	USBPower/README.md	p428
Mental-Noise/Axon	4c56918	README.md	p116
Mental-Noise/Synapse	0e76d4f	README.md	p117
Mental-Noise/Synapse	0e76d4f	schematics/README.txt	p117
Mental-Noise/Thal	e99cef9	README.md	p118
MichiganSynthWorks/Euro-Modules	9110417	2HP2CV/README.md	p198
MichiganSynthWorks/Euro-Modules	9110417	README.md	p198
MidiverseModular/MVM006_LFO	2b9e55f	README.md	p199
MidiverseModular/MVM025_DiodeFilter	1a28fee	README.md	p200
MidiverseModular/MVM_OOAK_Project	da505ca	README.md	p331,p332,p333,p334,p335
Nagasaki45/eurorack	71984b7	1 2 3/README.md	p336
Nagasaki45/eurorack	71984b7	I M smart/README.md	p337
Nagasaki45/eurorack	71984b7	README.md	p336,p337,p338,p339
Nagasaki45/eurorack	71984b7	eurodev/README.md	p338
Nagasaki45/eurorack	71984b7	lets play together/README.md	p339
PaulStoffregen/O_C_T41	d6235f0	hardware/14HP_panel_and_expanders/2HP_EXP_USB_A/readme.md	p429
PaulStoffregen/O_C_T41	d6235f0	hardware/14HP_panel_and_expanders/2HP_EXP_USB_C/readme.md	p430
PaulStoffregen/O_C_T41	d6235f0	hardware/14HP_panel_and_expanders/readme.md	p429,p430
PaulStoffregen/O_C_T41	d6235f0	readme.md	p429,p430,p431
PierreIsCoding/sdiy	2398b67	Alter_Normal/README.md	p572
PierreIsCoding/sdiy	2398b67	Arpeggiator/README.md	p573
PierreIsCoding/sdiy	2398b67	CEM3340_VCO/README.md	p574
PierreIsCoding/sdiy	2398b67	Chit_Chat/README.md	p575
PierreIsCoding/sdiy	2398b67	Digital_Sample_And_Hold/README.md	p576
PierreIsCoding/sdiy	2398b67	Dual_LFO/README.md	p577
PierreIsCoding/sdiy	2398b67	Knock_Knock/README.md	p578
PierreIsCoding/sdiy	2398b67	MS_20_VCF_Clone/README.md	p584
PierreIsCoding/sdiy	2398b67	MasterClock/README.md	p579
PierreIsCoding/sdiy	2398b67	Quantizer/README.md	p580
PierreIsCoding/sdiy	2398b67	README.md	p572,p573,p574,p575,p576,p577,p578,p579,p580,p581,p582,p583,p584,p585,p586,p587,p588,p589,p590,p591,p592
PierreIsCoding/sdiy	2398b67	Sample_And_Hold/README.md	p581
PierreIsCoding/sdiy	2398b67	Sequential_Switch/README.md	p582
PierreIsCoding/sdiy	2398b67	Spark/README.md	p583
PierreIsCoding/sdiy	2398b67	Sub&Div/README.md	p585
PierreIsCoding/sdiy	2398b67	Sub_Octave/README.md	p586
PierreIsCoding/sdiy	2398b67	Swoop/README.md	p587
PierreIsCoding/sdiy	2398b67	Trigger_Sequencer/README.md	p588
PierreIsCoding/sdiy	2398b67	VCA_Ducker/README.md	p589
PierreIsCoding/sdiy	2398b67	Wavefolder/README.md	p590
PierreIsCoding/sdiy	2398b67	Xorbell/README.md	p591
PierreIsCoding/sdiy	2398b67	drumpad/README.md	p592
Pl0p/Modular_Synth	67fec0f	Drum-H/README.md	p340
Pl0p/Modular_Synth	67fec0f	Drum-H/Sources/Readme.md	p340
Pl0p/Modular_Synth	67fec0f	Drum-K_MKII/README.md	p341
Pl0p/Modular_Synth	67fec0f	Drum-S/README.md	p342
Pl0p/Modular_Synth	67fec0f	Drum-S/Sources/Readme.md	p342
Pl0p/Modular_Synth	67fec0f	OLD/GateOmatix/README.md	p887
Pl0p/Modular_Synth	67fec0f	Readme.md	p340,p341,p342,p887
PoloAudiovisual/Quatro	5cc5e4d	README.md	p343
Quinienl/Basic-Modules	7f6d555	README.md	p344,p345,p346,p347
Quinienl/LittleBen	3dd32b8	README.md	p348
QuinnFreedman/modular	06c98a8	README.md	p432,p433,p434,p435,p436,p437,p438,p769,p770,p771,p772
QuinnFreedman/modular	06c98a8	modules/Biodata/README.md	p769
QuinnFreedman/modular	06c98a8	modules/Boost/README.md	p770
QuinnFreedman/modular	06c98a8	modules/Clock/README.md	p432
QuinnFreedman/modular	06c98a8	modules/Drift/README.md	p771
QuinnFreedman/modular	06c98a8	modules/Envelope/README.md	p433
QuinnFreedman/modular	06c98a8	modules/Envelope/tools/README.md	p433
QuinnFreedman/modular	06c98a8	modules/Lights/README.md	p772
QuinnFreedman/modular	06c98a8	modules/Logic/README.md	p434
QuinnFreedman/modular	06c98a8	modules/Mixer/README.md	p435
QuinnFreedman/modular	06c98a8	modules/OffsetAtten/README.md	p436
QuinnFreedman/modular	06c98a8	modules/Quantizer/README.md	p437
QuinnFreedman/modular	06c98a8	modules/RNG/README.md	p438
RebelTechnology/Chronos	ca5d342	README.md	p201
RebelTechnology/RebelTechnology	f01210b	readme.txt	p593,p594,p595,p596,p919,p920,p921,p922,p923,p924,p925,p926,p927,p928,p929,p930,p931,p1087,p1088
Shayshez/EuroScope	f046464	Expander/README.md	p350
Shayshez/EuroScope	f046464	README.md	p349,p350
SourceryOne/Arduino-Sample-and-Hold	b0296c3	README.md	p202
SourceryOne/Beaks	ecc45c6	README.md	p203
SourceryOne/Grenar	f1c8e04	README.md	p204
StudioKAT/DualTimbre	efe910b	README.md	p351
StudioKAT/PassiveLPG1U	8db28f3	README.md	p205
StudioKAT/R2R-DAC	0f835c0	README.md	p352
StudioKAT/Toolbox	9dbb715	README.md	p353
StudioKAT/VintageDualVCA	593fbcd	README.md	p206
Synthrotek/ADSR	3d6cc01	README.md	p207
TOILmodular/EurorackVCPanner	cd9b7c2	README.md	p208
TOILmodular/Plaits	66b6f9a	README.md	p209
TOILmodular/RAT	2678598	README.md	p210
TOILmodular/TidesV2	30a45ef	README.md	p211
Testbild-synth/HAGIWO-005-Eurorack-sequencer	922a65f	README.md	p212
Testbild-synth/HAGIWO-029-033-Eurorack-quantizer	5c7d4db	README.md	p213,p214
Testbild-synth/Hagiwo_009_030_sequencer	370a8e0	README.md	p215,p216
Testbild-synth/headphone	2c2f494	README.md	p10
Testbild-synth/sigma-squared	fb80613	README.md	p217
ThisIsNotRocketScience/Eurorack-Modules	c25d133	Production/Community-Frontpanels/Custom Tuesday (designed by Endurance)/README.md	p914,p915,p916,p917
ThisIsNotRocketScience/Eurorack-Modules	c25d133	README.md	p914,p915,p916,p917,p918,p1084,p1085,p1086
Thorinair/Avalon-Harmonics	362051b	Modules/AxB/README.md	p57
Thorinair/Avalon-Harmonics	362051b	Modules/CVMod4/README.md	p58
Thorinair/Avalon-Harmonics	362051b	Modules/CVMod8/README.md	p59
Thorinair/Avalon-Harmonics	362051b	Modules/CVMod8_V2/README.md	p60,p61
Thorinair/Avalon-Harmonics	362051b	Modules/CVModH/README.md	p62
Thorinair/Avalon-Harmonics	362051b	Modules/KickAid/README.md	p63
Thorinair/Avalon-Harmonics	362051b	Modules/LOGx/README.md	p64
Thorinair/Avalon-Harmonics	362051b	Modules/MiX/README.md	p65
Thorinair/Avalon-Harmonics	362051b	Modules/MiniDJ/README.md	p66
Thorinair/Avalon-Harmonics	362051b	Modules/Nucleus/README.md	p67
Thorinair/Avalon-Harmonics	362051b	Modules/PanVCA/README.md	p79
Thorinair/Avalon-Harmonics	362051b	Modules/Puff/README.md	p80
Thorinair/Avalon-Harmonics	362051b	Modules/Pulse/README.md	p81
Thorinair/Avalon-Harmonics	362051b	Modules/R&F/README.md	p82
Thorinair/Avalon-Harmonics	362051b	Modules/S&S/README.md	p83
Thorinair/Avalon-Harmonics	362051b	Modules/VU/README.md	p84,p85
Thorinair/Avalon-Harmonics	362051b	Modules/WF/README.md	p86
Thorinair/Avalon-Harmonics	362051b	Modules/X2/README.md	p87
Thorinair/Avalon-Harmonics	362051b	Modules/iVCA/README.md	p77
Thorinair/Avalon-Harmonics	362051b	Modules/kNOT/README.md	p78
Thorinair/Avalon-Harmonics	362051b	README.md	p57,p58,p59,p60,p61,p62,p63,p64,p65,p66,p67,p77,p78,p79,p80,p81,p82,p83,p84,p85,p86,p87
TimoRozendal/time-machine	cd28148	README.md	p218
TomWhitwell/TuringMachine	ad812bb	README.md	p354
TomWhitwell/Workshop_Computer	c5b2d89	.devcontainer/README.md	p12
TomWhitwell/Workshop_Computer	c5b2d89	Demonstrations+HelloWorlds/AI/README.md	p12
TomWhitwell/Workshop_Computer	c5b2d89	Demonstrations+HelloWorlds/Arduino-Pico-earlephilhower/Blinkenlights/README.md	p12
TomWhitwell/Workshop_Computer	c5b2d89	Demonstrations+HelloWorlds/Arduino-Pico-earlephilhower/DSP_Graph_Demo/readme.md	p12
TomWhitwell/Workshop_Computer	c5b2d89	Demonstrations+HelloWorlds/Arduino-Pico-earlephilhower/README.md	p12
TomWhitwell/Workshop_Computer	c5b2d89	Demonstrations+HelloWorlds/CircuitPython/README.md	p12
TomWhitwell/Workshop_Computer	c5b2d89	Demonstrations+HelloWorlds/Micropython/README.md	p12
TomWhitwell/Workshop_Computer	c5b2d89	Demonstrations+HelloWorlds/PicoSDK/ComputerCard/README.md	p12
TomWhitwell/Workshop_Computer	c5b2d89	Demonstrations+HelloWorlds/PicoSDK/ComputerCard/examples/sample_upload/README.md	p12
TomWhitwell/Workshop_Computer	c5b2d89	README.md	p12
TomWhitwell/Workshop_Computer	c5b2d89	releases/00_Simple_MIDI/README.md	p12
TomWhitwell/Workshop_Computer	c5b2d89	releases/02_PatcherPlus/README.md	p12
TomWhitwell/Workshop_Computer	c5b2d89	releases/03_Turing_Machine/README.md	p12
TomWhitwell/Workshop_Computer	c5b2d89	releases/04_BYO_Benjolin/README.md	p12
TomWhitwell/Workshop_Computer	c5b2d89	releases/05_chord_blimey/README.md	p12
TomWhitwell/Workshop_Computer	c5b2d89	releases/06_usb_audio/README.md	p12
TomWhitwell/Workshop_Computer	c5b2d89	releases/06_usb_audio/Rev1/README.md	p12
TomWhitwell/Workshop_Computer	c5b2d89	releases/07_bumpers/README.md	p12
TomWhitwell/Workshop_Computer	c5b2d89	releases/08_bytebeat/README.md	p12
TomWhitwell/Workshop_Computer	c5b2d89	releases/09_DivCom/README.md	p12
TomWhitwell/Workshop_Computer	c5b2d89	releases/101_Gnarly_C1ZZL3/README.md	p12
TomWhitwell/Workshop_Computer	c5b2d89	releases/102_Nibble-KO/README.md	p12
TomWhitwell/Workshop_Computer	c5b2d89	releases/102_Nibble-KO/samples/README.md	p12
TomWhitwell/Workshop_Computer	c5b2d89	releases/102_Nibble-KO/web/README.md	p12
TomWhitwell/Workshop_Computer	c5b2d89	releases/103_spectral/README.md	p12
TomWhitwell/Workshop_Computer	c5b2d89	releases/104_barbers_pole/README.md	p12
TomWhitwell/Workshop_Computer	c5b2d89	releases/105_voder/README.md	p12
TomWhitwell/Workshop_Computer	c5b2d89	releases/10_twists/README.md	p12
TomWhitwell/Workshop_Computer	c5b2d89	releases/11_goldfish/README.md	p12
TomWhitwell/Workshop_Computer	c5b2d89	releases/12_am_coupler/README.md	p12
TomWhitwell/Workshop_Computer	c5b2d89	releases/13_noisebox/README.md	p12
TomWhitwell/Workshop_Computer	c5b2d89	releases/14_cvmod/README.md	p12
TomWhitwell/Workshop_Computer	c5b2d89	releases/15_MLRws/README.md	p12
TomWhitwell/Workshop_Computer	c5b2d89	releases/16_the_bells/README.md	p12
TomWhitwell/Workshop_Computer	c5b2d89	releases/174_Skipping_Stones/README.md	p12
TomWhitwell/Workshop_Computer	c5b2d89	releases/17_COMET/README.md	p12
TomWhitwell/Workshop_Computer	c5b2d89	releases/18_chord_organ/README.md	p12
TomWhitwell/Workshop_Computer	c5b2d89	releases/19_CA_Sequencer/README.md	p12
TomWhitwell/Workshop_Computer	c5b2d89	releases/20_reverb/README.md	p12
TomWhitwell/Workshop_Computer	c5b2d89	releases/21_resonator/README.md	p12
TomWhitwell/Workshop_Computer	c5b2d89	releases/22_sheep/README.md	p12
TomWhitwell/Workshop_Computer	c5b2d89	releases/23_SlowMod/README.md	p12
TomWhitwell/Workshop_Computer	c5b2d89	releases/24_crafted_volts/README.md	p12
TomWhitwell/Workshop_Computer	c5b2d89	releases/25_utility_pair/README.md	p12
TomWhitwell/Workshop_Computer	c5b2d89	releases/26_clockwork/README.md	p12
TomWhitwell/Workshop_Computer	c5b2d89	releases/27_Siren/README.md	p12
TomWhitwell/Workshop_Computer	c5b2d89	releases/28_eighties_bass/README.md	p12
TomWhitwell/Workshop_Computer	c5b2d89	releases/29_XHT/README.md	p12
TomWhitwell/Workshop_Computer	c5b2d89	releases/29_XHT/README_main.md	p12
TomWhitwell/Workshop_Computer	c5b2d89	releases/29_XHT/README_midi.md	p12
TomWhitwell/Workshop_Computer	c5b2d89	releases/303_acid/README.md	p12
TomWhitwell/Workshop_Computer	c5b2d89	releases/30_cirpy_wavetable/README.md	p12
TomWhitwell/Workshop_Computer	c5b2d89	releases/31_esp/README.md	p12
TomWhitwell/Workshop_Computer	c5b2d89	releases/32_vink/README.md	p12
TomWhitwell/Workshop_Computer	c5b2d89	releases/33_drumdrum/README.md	p12
TomWhitwell/Workshop_Computer	c5b2d89	releases/34_dual_quant/README.md	p12
TomWhitwell/Workshop_Computer	c5b2d89	releases/355_RYK_Pitch-Vocoder/README.md	p12
TomWhitwell/Workshop_Computer	c5b2d89	releases/35_FreqShift/readme.md	p12
TomWhitwell/Workshop_Computer	c5b2d89	releases/36_GradualProcess/README.md	p12
TomWhitwell/Workshop_Computer	c5b2d89	releases/37_compulidean/README.md	p12
TomWhitwell/Workshop_Computer	c5b2d89	releases/38_od/README.md	p12
TomWhitwell/Workshop_Computer	c5b2d89	releases/39_knots/README.md	p12
TomWhitwell/Workshop_Computer	c5b2d89	releases/41_blackbird/README.md	p12
TomWhitwell/Workshop_Computer	c5b2d89	releases/41_blackbird/bbbowery/README.md	p12
TomWhitwell/Workshop_Computer	c5b2d89	releases/42_backyard_rain/README.md	p12
TomWhitwell/Workshop_Computer	c5b2d89	releases/433_sense_of_space/README.md	p12
TomWhitwell/Workshop_Computer	c5b2d89	releases/433_sense_of_space/mayakovsky_cc0/README.md	p12
TomWhitwell/Workshop_Computer	c5b2d89	releases/43_Castle_Process/README.md	p12
TomWhitwell/Workshop_Computer	c5b2d89	releases/44_Birds/README.md	p12
TomWhitwell/Workshop_Computer	c5b2d89	releases/45_bends/README.md	p12
TomWhitwell/Workshop_Computer	c5b2d89	releases/47_NZT/README.md	p12
TomWhitwell/Workshop_Computer	c5b2d89	releases/48_two_tracks/README.md	p12
TomWhitwell/Workshop_Computer	c5b2d89	releases/49_Tape_Bias/README.md	p12
TomWhitwell/Workshop_Computer	c5b2d89	releases/50_flux/README.md	p12
TomWhitwell/Workshop_Computer	c5b2d89	releases/51_grains/README.md	p12
TomWhitwell/Workshop_Computer	c5b2d89	releases/52_F1shnet/README.md	p12
TomWhitwell/Workshop_Computer	c5b2d89	releases/53_glitter/README.md	p12
TomWhitwell/Workshop_Computer	c5b2d89	releases/54_Tapegrade/README.md	p12
TomWhitwell/Workshop_Computer	c5b2d89	releases/55_fifths/README.md	p12
TomWhitwell/Workshop_Computer	c5b2d89	releases/56_Krell/README.md	p12
TomWhitwell/Workshop_Computer	c5b2d89	releases/57_glitch/README.md	p12
TomWhitwell/Workshop_Computer	c5b2d89	releases/580_Vortex_Runner/README.md	p12
TomWhitwell/Workshop_Computer	c5b2d89	releases/58_LoChoVibes/README.md	p12
TomWhitwell/Workshop_Computer	c5b2d89	releases/59_BitPhase/README.md	p12
TomWhitwell/Workshop_Computer	c5b2d89	releases/60_markov/README.md	p12
TomWhitwell/Workshop_Computer	c5b2d89	releases/61_ZX_Spectrum/README.md	p12
TomWhitwell/Workshop_Computer	c5b2d89	releases/62_BioMimicry/README.md	p12
TomWhitwell/Workshop_Computer	c5b2d89	releases/62_BioMimicry/samples/README.md	p12
TomWhitwell/Workshop_Computer	c5b2d89	releases/63_Nibble/README.md	p12
TomWhitwell/Workshop_Computer	c5b2d89	releases/64_voices_of_sid/README.md	p12
TomWhitwell/Workshop_Computer	c5b2d89	releases/666_ws_doom/README.md	p12
TomWhitwell/Workshop_Computer	c5b2d89	releases/66_stretchcore/README.md	p12
TomWhitwell/Workshop_Computer	c5b2d89	releases/67_Fragments/README.md	p12
TomWhitwell/Workshop_Computer	c5b2d89	releases/69_trace/README.md	p12
TomWhitwell/Workshop_Computer	c5b2d89	releases/71_degenerator/README.md	p12
TomWhitwell/Workshop_Computer	c5b2d89	releases/72_motorik/README.md	p12
TomWhitwell/Workshop_Computer	c5b2d89	releases/73_VSS/README.md	p12
TomWhitwell/Workshop_Computer	c5b2d89	releases/74_Wild_Pebble/README.md	p12
TomWhitwell/Workshop_Computer	c5b2d89	releases/75_Turing_Clouds/README.md	p12
TomWhitwell/Workshop_Computer	c5b2d89	releases/76_hot_fuzz/README.md	p12
TomWhitwell/Workshop_Computer	c5b2d89	releases/77_PunkConfusion/README.md	p12
TomWhitwell/Workshop_Computer	c5b2d89	releases/77_PunkConfusion/factory-samples/README.md	p12
TomWhitwell/Workshop_Computer	c5b2d89	releases/77_PunkConfusion/samples/README.md	p12
TomWhitwell/Workshop_Computer	c5b2d89	releases/78_Talker/README.md	p12
TomWhitwell/Workshop_Computer	c5b2d89	releases/79_Slag/README.md	p12
TomWhitwell/Workshop_Computer	c5b2d89	releases/81_West_Coast_LPG/README.md	p12
TomWhitwell/Workshop_Computer	c5b2d89	releases/81_West_Coast_LPG/sim/README.md	p12
TomWhitwell/Workshop_Computer	c5b2d89	releases/82_Computer_Grids/README.md	p12
TomWhitwell/Workshop_Computer	c5b2d89	releases/83_Origami/README.md	p12
TomWhitwell/Workshop_Computer	c5b2d89	releases/83_Origami/sim/README.md	p12
TomWhitwell/Workshop_Computer	c5b2d89	releases/84_CosmikC1zzl3/README.md	p12
TomWhitwell/Workshop_Computer	c5b2d89	releases/84_CosmikC1zzl3/rad/README.md	p12
TomWhitwell/Workshop_Computer	c5b2d89	releases/85_plant_holder/README.md	p12
TomWhitwell/Workshop_Computer	c5b2d89	releases/86_tesserae/README.md	p12
TomWhitwell/Workshop_Computer	c5b2d89	releases/877_RYK_Tape-Sampler/README.md	p12
TomWhitwell/Workshop_Computer	c5b2d89	releases/87_fr330hfr33/README.md	p12
TomWhitwell/Workshop_Computer	c5b2d89	releases/89_Lockstep/README.md	p12
TomWhitwell/Workshop_Computer	c5b2d89	releases/90_Pantograph/README.md	p12
TomWhitwell/Workshop_Computer	c5b2d89	releases/910_RYK_Pitched-Delay/README.md	p12
TomWhitwell/Workshop_Computer	c5b2d89	releases/91_chorgan/README.md	p12
TomWhitwell/Workshop_Computer	c5b2d89	releases/92_usb_midi_host_synth/README.md	p12
TomWhitwell/Workshop_Computer	c5b2d89	releases/92_usb_midi_host_synth/docs/README.md	p12
TomWhitwell/Workshop_Computer	c5b2d89	releases/92_usb_midi_host_synth/docs/developer/README.md	p12
TomWhitwell/Workshop_Computer	c5b2d89	releases/93_Turing_Matrix/README.md	p12
TomWhitwell/Workshop_Computer	c5b2d89	releases/94_Ouroboros/README.md	p12
TomWhitwell/Workshop_Computer	c5b2d89	releases/95_offair2/README.md	p12
TomWhitwell/Workshop_Computer	c5b2d89	releases/96_cathode/README.md	p12
TomWhitwell/Workshop_Computer	c5b2d89	releases/97_alloy/README.md	p12
TomWhitwell/Workshop_Computer	c5b2d89	releases/98_duo_midi/README.md	p12
TomWhitwell/Workshop_Computer	c5b2d89	releases/999_Dub_Warning/README.md	p12
TomWhitwell/Workshop_Computer	c5b2d89	releases/99_toolbox/README.md	p12
VikingCube/VC-PCB-Midi	0dfe013	README.md	p219
VincentPeters/Diy-Synth-Eurorack	e5934d1	DELAY/LMNC - 2399 tripple splashback/README.md	p597
VincentPeters/Diy-Synth-Eurorack	e5934d1	DRUM/TR82/Bassdrum 1/README.md	p598
VincentPeters/Diy-Synth-Eurorack	e5934d1	DRUM/TR82/Bassdrum 2/README.md	p599
VincentPeters/Diy-Synth-Eurorack	e5934d1	DRUM/TR82/Cymbals/README.md	p600
VincentPeters/Diy-Synth-Eurorack	e5934d1	DRUM/TR82/HiHats/README.md	p601
VincentPeters/Diy-Synth-Eurorack	e5934d1	DRUM/TR82/Low and High Toms/README.md	p602
VincentPeters/Diy-Synth-Eurorack	e5934d1	DRUM/TR82/README.md	p598,p599,p600,p601,p602,p603
VincentPeters/Diy-Synth-Eurorack	e5934d1	DRUM/TR82/Snare Drums/README.md	p603
VincentPeters/Diy-Synth-Eurorack	e5934d1	ENVELOPE GENERATOR/LMNC - 1157 Mini Adsr/README.md	p604
VincentPeters/Diy-Synth-Eurorack	e5934d1	FILTER/LMNC - 1113 Rene Schmitz Filter/README.md	p605
VincentPeters/Diy-Synth-Eurorack	e5934d1	LFO/LMNC - 1145 Kosmo Vclfo/README.md	p606
VincentPeters/Diy-Synth-Eurorack	e5934d1	MIXER/TR82 - Mixer/README.md	p607
VincentPeters/Diy-Synth-Eurorack	e5934d1	MULTIPLE/LMNC - 1161 Buffered Multiple/README.md	p609
VincentPeters/Diy-Synth-Eurorack	e5934d1	README.md	p597,p598,p599,p600,p601,p602,p603,p604,p605,p606,p607,p608,p609,p610,p611,p612,p613,p614,p615,p616,p617
VincentPeters/Diy-Synth-Eurorack	e5934d1	UTILITY/Elkayem - Midi 2 Cv/README.md	p610
VincentPeters/Diy-Synth-Eurorack	e5934d1	UTILITY/TR82 - midi interface/README.md	p612
VincentPeters/Diy-Synth-Eurorack	e5934d1	VCA/LMNC - 1181 Dual VCA/README.md	p613
VincentPeters/Diy-Synth-Eurorack	e5934d1	VCA/LMNC - 1183 - 1184 Quad VCA Mixer/README.md	p614
VincentPeters/Diy-Synth-Eurorack	e5934d1	VCO/LMNC - performance VCO/README.md	p616
VoltageFoundryMod/ForgeSeries	3164a1d	README.md	p904,p905,p906,p907,p908,p909,p910
VoltageFoundryMod/ForgeSeries	3164a1d	apps/att/Readme.md	p908
VoltageFoundryMod/ForgeSeries	3164a1d	apps/clk/Readme.md	p904
VoltageFoundryMod/ForgeSeries	3164a1d	apps/clk/test/README	p904
VoltageFoundryMod/ForgeSeries	3164a1d	apps/dq/Readme.md	p905
VoltageFoundryMod/ForgeSeries	3164a1d	apps/dq/test/README	p905
VoltageFoundryMod/ForgeSeries	3164a1d	apps/gen/Readme.md	p906
VoltageFoundryMod/ForgeSeries	3164a1d	apps/scp/Readme.md	p907
VoltageFoundryMod/ForgeSeries	3164a1d	apps/scp/test/README	p907
VoltageFoundryMod/ForgeSeries	3164a1d	apps/wea/Readme.md	p909
VoltageFoundryMod/IRONMix	ea158fb	Readme.md	p355
WiggisModular/mmc	46fc86e	README.md	p30,p31
WimOliphant/bergman-kassutronics-adsr-kicad-gerber	f598c11	README.md	p220
WimOliphant/tb303_vcf_kicad_project_gerbers	e9518aa	README.md	p221
Yorams/performancevco	fd1a803	README.md	p222
abluenautilus/Tap-O-Matic-DDV	9d5deeb	README.md	p223
acobley/Analog-Voice	56162e8	AJH_100_ADSR/README.md	p445
acobley/Analog-Voice	56162e8	AJH_2V_VCA/README.md	p446
acobley/Analog-Voice	56162e8	AJH_Headphone_Amp/README.md	p447
acobley/Analog-Voice	56162e8	AJH_LPG/README.md	p448
acobley/Analog-Voice	56162e8	AJH_SSI2144/README.md	p449
acobley/Analog-Voice	56162e8	AJH_Wasp/README.md	p450
acobley/Analog-Voice	56162e8	AJH_as3310_DUAL_ASR/README.md	p451
acobley/Analog-Voice	56162e8	AJH_as3320_HPF/README.md	p452
acobley/Analog-Voice	56162e8	AJH_as3320_LPF/README.md	p453
acobley/Analog-Voice	56162e8	AJH_as3340_VCO/README.md	p454
acobley/Analog-Voice	56162e8	AJH_module_tester/README.md	p455
acobley/Analog-Voice	56162e8	README.md	p445,p446,p447,p448,p449,p450,p451,p452,p453,p454,p455,p456,p457,p458
acobley/Analog-Voice	56162e8	as3320-Vowel/README.md	p457
acobley/Analog-Voice	56162e8	as3320_BP/README.md	p458
apfaudio/eurorack-pmod	ddb9aa92fa	README.md	p1096
atoav/TH-VCO1	8dc679a	README.md	p224
attowatt/i2c2midi	13ea0b4	README.md	p356
backtail/6hp-psu	bc4181d	README.md	p225
backtail/mHz-oscillator	626d8c6	README.md	p226
backtail/strg-m	66f6ba5	README.md	p227
barnabywalters/Schraeg	96ba811	README.md	p228
bastl-instruments/bastlSchematics	3274433	README.md	p825,p826,p827,p828,p829,p830,p831,p832,p833,p834,p835,p836,p837,p838,p839,p840,p841,p842,p937,p938,p939,p940,p941,p942,p943,p944,p945
bastl-instruments/citadel	e0c04bc	README.md	p229
beLow-Industries/mod-mosfet	4148bea	README.md	p230
belllabsynth/Slew-Limiter	8a54a53	README.md	p231
benjiaomodular/MiniSNH	e12bc26	README.md	p358
bmoren/Stereo-Output-2hp	077eb29	readme.md	p359
bmoren/attenuated-nearness	f7731c4	readme.md	p232
bmoren/two-tone	ac0f685	readme.md	p360
bpcmusic/TXb	9f9e9b7	README.md	p26
bpcmusic/telex	9a926c9	README.md	p361,p362
breakfastelectroacoustics/basic-bipolar-input-eurorack-power-supply	45fdf56	README.md	p233
breakfastelectroacoustics/basic-eurorack-power-supply	bb1fcb9	README.md	p234
bummbummgarage/bummbummgarage.github.io	1e12184	README.md	p618,p619,p620,p621,p622,p623,p624,p625,p626,p627,p628,p629,p630,p631,p632,p633,p634,p635,p636,p637,p638,p639,p640,p641,p642,p643,p644
bummbummgarage/bummbummgarage.github.io	1e12184	index.md	p618,p619,p620,p621,p622,p623,p624,p625,p626,p627,p628,p629,p630,p631,p632,p633,p634,p635,p636,p637,p638,p639,p640,p641,p642,p643,p644
bummbummgarage/bummbummgarage.github.io	1e12184	modules/chord-organ-0.1/index.md	p619
bummbummgarage/bummbummgarage.github.io	1e12184	modules/chord-organ-0.1/the_synth-master/README	p619
bummbummgarage/bummbummgarage.github.io	1e12184	modules/clock-ii-0.1/index.md	p620
bummbummgarage/bummbummgarage.github.io	1e12184	modules/clock-multiplier/index.md	p621
bummbummgarage/bummbummgarage.github.io	1e12184	modules/envelope-follower/index.md	p623
bummbummgarage/bummbummgarage.github.io	1e12184	modules/envelope-generator-0.1/index.md	p624
bummbummgarage/bummbummgarage.github.io	1e12184	modules/envelope-generator-II-0.1/index.md	p625
bummbummgarage/bummbummgarage.github.io	1e12184	modules/envelope-generator-iii-0.1.1/index.md	p626
bummbummgarage/bummbummgarage.github.io	1e12184	modules/exponential-converter-0.1/index.md	p627
bummbummgarage/bummbummgarage.github.io	1e12184	modules/filter-0.2/index.md	p628
bummbummgarage/bummbummgarage.github.io	1e12184	modules/gate-to-trigger-converter-0.1/index.md	p629
bummbummgarage/bummbummgarage.github.io	1e12184	modules/hihat/index.md	p630
bummbummgarage/bummbummgarage.github.io	1e12184	modules/index.md	p618,p619,p620,p621,p622,p623,p624,p625,p626,p627,p628,p629,p630,p631,p632,p633,p634,p635,p636,p637,p638,p639,p640,p641,p642,p643,p644
bummbummgarage/bummbummgarage.github.io	1e12184	modules/mixer-0.1/index.md	p631
bummbummgarage/bummbummgarage.github.io	1e12184	modules/mixer-ii/index.md	p632
bummbummgarage/bummbummgarage.github.io	1e12184	modules/noise-generator-0.2/index.md	p633
bummbummgarage/bummbummgarage.github.io	1e12184	modules/sequencer-0.1/index.md	p635
bummbummgarage/bummbummgarage.github.io	1e12184	modules/sequencer-ii-0.1/index.md	p636
bummbummgarage/bummbummgarage.github.io	1e12184	modules/trigger-to-midi-clock/index.md	p637
bummbummgarage/bummbummgarage.github.io	1e12184	modules/vca-0.1/index.md	p638
bummbummgarage/bummbummgarage.github.io	1e12184	modules/vca-0.2/index.md	p639
bummbummgarage/bummbummgarage.github.io	1e12184	modules/vcf/index.md	p640
bummbummgarage/bummbummgarage.github.io	1e12184	modules/vco-0.4/index.md	p641
bummbummgarage/bummbummgarage.github.io	1e12184	modules/vco-II-0.2.3/index.md	p642
bummbummgarage/bummbummgarage.github.io	1e12184	modules/vco-iii-0.1.1/index.md	p643
bummbummgarage/bummbummgarage.github.io	1e12184	modules/voltage-controlled-envelope-generator-vceg/index.md	p644
butchwarns/Eurorack_Bus_Board	8403155	README.md	p235
caseyjholmes/ADSR	983740d	README.md	p236
caseyjholmes/ATMX	abe43c4	README.md	p237
caseyjholmes/HMLFO	d9f1bd0	README.md	p238
caseyjholmes/HMPLPGVCA	7ecb19f	README.md	p239
caseyjholmes/MMPV3	6a7a067	README.md	p240
cctvfm/cascadence	519812b	README.md	p241
cctvfm/cascadence	519812b	hardware/README.md	p241
cctvfm/cascadence	519812b	hardware/panel/README.md	p241
cctvfm/quadtec101	bd78c0b	Case/Readme	p242
cctvfm/quadtec101	bd78c0b	PCB/Readme	p242
cctvfm/quadtec101	bd78c0b	Panel/Readme	p242
cctvfm/quadtec101	bd78c0b	README.md	p242
chairaudio/ILSE	042bcb3	README.md	p243
charonme/heptaphasis	30be632	README.md	p244
clacktronics/EuroClack_BYOM_Modules	f593e0e	README.md	p645,p646,p647,p648,p649,p650,p651,p652,p653,p654,p655
cob333/Eurorack_PD_USB	e62ef44	README.md	p245
cob333/Eurorack_PD_USB	e62ef44	README_CN.md	p245
coredon17/Octofex	2539e9e	README.md	p246
coriolisinstruments/EurorackModules	858efe4	1Utilities/1U_LPG/README.md	p459
coriolisinstruments/EurorackModules	858efe4	1Utilities/1U_Mult/README.md	p460
coriolisinstruments/EurorackModules	858efe4	1Utilities/1U_Mute/README.md	p461
coriolisinstruments/EurorackModules	858efe4	1Utilities/README.md	p459,p460,p461
coriolisinstruments/EurorackModules	858efe4	Corona/README.md	p877
coriolisinstruments/EurorackModules	858efe4	Multibus/README.md	p878
coriolisinstruments/EurorackModules	858efe4	PSUCompanion/README.md	p462
coriolisinstruments/EurorackModules	858efe4	README.md	p459,p460,p461,p462,p463,p877,p878
coriolisinstruments/EurorackModules	858efe4	SnackBus_PSU/README.md	p463
crowselectromusic/HEAR	1c8c123	README.md	p247
cslammy/CP3	01de792	README.md	p884
ctag-fh-kiel/ctag-straempler	67b9b14	hardware/readme.md	p248
ctag-fh-kiel/ctag-straempler	67b9b14	readme.md	p248
ctag-fh-kiel/ctag-tbd	a2633ed	bin/readme.md	p363
ctag-fh-kiel/ctag-tbd	a2633ed	components/ctagSoundProcessor/freeverb/readme.txt	p363
ctag-fh-kiel/ctag-tbd	a2633ed	components/ctagSoundProcessor/memory/README.md	p363
ctag-fh-kiel/ctag-tbd	a2633ed	components/ctagSoundProcessor/readme.md	p363
ctag-fh-kiel/ctag-tbd	a2633ed	generators/readme.md	p363
ctag-fh-kiel/ctag-tbd	a2633ed	readme.md	p363
ctag-fh-kiel/ctag-tbd	a2633ed	sample_rom/readme.md	p363
ctag-fh-kiel/ctag-tbd	a2633ed	simulator/readme.md	p363
ctag-fh-kiel/ctag-tbd	a2633ed	simulator/tinywav/README.md	p363
ctag-fh-kiel/ctag-tbd	a2633ed	spiffs_image/data/readme.md	p363
ctag-fh-kiel/ctag-tbd	a2633ed	spiffs_image/data/sp/readme.md	p363
ctag-fh-kiel/ctag-tbd	a2633ed	spiffs_image/www/readme-api.md	p363
ctag-fh-kiel/ctag-tbd	a2633ed	tapp/readme.md	p363
ctag-fh-kiel/ctag-tbd	a2633ed	tbd4vcv/readme.md	p363
dchwebb/Addatone	7ed5628	README.md	p03
dchwebb/Ampelope	abc60e3	README.md	p249
dchwebb/DisPhaze	db58d8f	README.md	p364
dchwebb/Kishoof	b36b4c4	README.md	p365
dchwebb/Oscar	a77efaa	README.md	p366
dchwebb/Punck	06cc991	README.md	p367
dchwebb/Retrospector	ccf88dd	Bootloader/README.md	p368
dchwebb/Retrospector	ccf88dd	README.md	p368
dchwebb/Spectralist	1e825c4	README.md	p369
diysynth/EURORACK-MODULES	63c99450a5	0HP STUFF/0HP Attenuator/readme.md	p1100
diysynth/EURORACK-MODULES	63c99450a5	0HP STUFF/0HP MIXER/readme.md	p1101
diysynth/EURORACK-MODULES	63c99450a5	0HP STUFF/0HP MULTIPLE/readme.md	p1102
diysynth/EURORACK-MODULES	63c99450a5	0HP STUFF/readme.md	p1100,p1101,p1102
diysynth/EURORACK-MODULES	63c99450a5	3320 VCF (6HP)/readme.md	p464
diysynth/EURORACK-MODULES	63c99450a5	3340 VCO (4HP)/readme.md	p1097
diysynth/EURORACK-MODULES	63c99450a5	ADSR (4HP)/readme.md	p1098
diysynth/EURORACK-MODULES	63c99450a5	BUFFERED MULTIPLE (3HP)/readme.md	p465
diysynth/EURORACK-MODULES	63c99450a5	CYCLING ENVELOPE GENERATOR (4HP)/readme.md	p466
diysynth/EURORACK-MODULES	63c99450a5	DIGILFO (6HP)/readme.md	p467
diysynth/EURORACK-MODULES	63c99450a5	DUAL VCA/readme.md	p1099
diysynth/EURORACK-MODULES	63c99450a5	LOOPING A-R/readme.md	p468
diysynth/EURORACK-MODULES	63c99450a5	NOISE LAB (3HP)/readme.md	p469
diysynth/EURORACK-MODULES	63c99450a5	OFFSET-GAIN UTILITY (4HP)/readme.md	p470
diysynth/EURORACK-MODULES	63c99450a5	PASSIVE LOW PASS GATE (2HP)/readme.md	p471
diysynth/EURORACK-MODULES	63c99450a5	PSU (6HP)/readme.md	p472
diysynth/EURORACK-MODULES	63c99450a5	README.md	p464,p465,p466,p467,p468,p469,p470,p471,p472,p777,p1097,p1098,p1099,p1100,p1101,p1102
diysynth/EURORACK-MODULES	63c99450a5	SUB MODULATOR (6HP)/readme.md	p777
drChungus/VCSequentialSwitch	53609e9	README.md	p473
dslamnig/GHOQ	959ab07	PLLHO/README.md	p474
dslamnig/GHOQ	959ab07	PLLHO/samples/README.md	p474
dslamnig/GHOQ	959ab07	README.md	p474
emeb/Cheep4	6cd0d2e	Hardware/README.md	p370
emeb/Cheep4	6cd0d2e	README.md	p370
emeb/S3GTA	0da3728	Hardware/README.md	p371
emeb/S3GTA	0da3728	README.md	p371
emeb/g081_audio	078f0d9	Hardware/README.md	p372
emeb/g081_audio	078f0d9	README.md	p372
environscape/ContourLine	b445dd6	Hardware/v2.2 4HP/Readme.md	p373
environscape/ContourLine	b445dd6	README.md	p373
erica-synths/diy-eurorack	80b02d3	README.md	p14,p15,p16,p17,p18,p19,p20,p21,p22,p23,p24,p25
fablabnk/EuroTubeScreamer	ab21543	README.md	p251
fablabnk/HeadPho	9849c30	README.md	p252
fancyyyyy/kid	662ce35	README.md	p253
gerb-ster/Vulcan-DCO	de7f424	README.md	p254
gerb-ster/Vulcan-DCO	de7f424	faceplates/readme.md	p254
gerb-ster/Vulcan-DCO	de7f424	gerber_files/readme.md	p254
gerb-ster/Vulcan-DCO	de7f424	images/readme.md	p254
gerb-ster/Vulcan-DCO	de7f424	schematics/readme.md	p254
gridbugs/briefcase-synth	4567daa	clock/README.md	p476
gridbugs/briefcase-synth	4567daa	low-pass-filter/README.md	p486
gridbugs/briefcase-synth	4567daa	oscillator/README.md	p481
gridbugs/briefcase-synth	4567daa	quantizer/README.md	p483
hallmar/Eurorack-Modules	c17b451	Fjöl-v0.6/readme.md	p851
hallmar/Eurorack-Modules	c17b451	Jump/hardware/readme.txt	p852
hallmar/Eurorack-Modules	c17b451	Jump/readme.md	p852
hallmar/Eurorack-Modules	c17b451	MFOS 4ch Stereo Mixer/Readme.md	p487
hallmar/Eurorack-Modules	c17b451	MFOS 4ch Stereo Mixer/hardware/readme.txt	p487
hallmar/Eurorack-Modules	c17b451	Polyg v2/hardware/Kicad/readme.md	p853
hallmar/Eurorack-Modules	c17b451	Polyg v2/hardware/readme.md	p853
hallmar/Eurorack-Modules	c17b451	Polyg v2/readme.md	p853
hallmar/Eurorack-Modules	c17b451	README.md	p487,p488,p851,p852,p853,p854
hallmar/Eurorack-Modules	c17b451	Stereo EQ/hardware/readme.txt	p488
hallmar/Eurorack-Modules	c17b451	Stereo EQ/readme.md	p488
hallmar/Eurorack-Modules	c17b451	Tvinna/Hardware/readme.md	p854
hallmar/Eurorack-Modules	c17b451	Tvinna/readme.md	p854
hires/Dintree	2023e41	D100-Quad_VCA/README.md	p489
hires/Dintree	2023e41	D101-Dual_Envelope/README.md	p490
hires/Dintree	2023e41	D102-Output_Mixer/README.md	p491
hires/Dintree	2023e41	D103-Reverb_Delay/README.md	p492
hires/Dintree	2023e41	D104-Four_Vs/README.md	p493
hires/Dintree	2023e41	D105-Quad_CV_Proc/README.md	p494
hires/Dintree	2023e41	D106-Step_Sequencer/README.md	p495
hires/Dintree	2023e41	D107-Slew/README.md	p496
hires/Dintree	2023e41	D112-Power_Supply/README.md	p497
hires/Dintree	2023e41	DSupply-Power_Supply/README.md	p498
hires/Dintree	2023e41	README.md	p489,p490,p491,p492,p493,p494,p495,p496,p497,p498
ishkabbible/TAM_V3	7e4829a	README.md	p255
jacobbarssbailey/active-multiples	a118eab	README.md	p256
jakplugg/Neutron-Sound-Dust-of-Time	fea6d18	README.md	p257
jakplugg/Orgone-accumulator	010bd4b	DIY3.0_SMD/README.md	p76
jakplugg/Orgone-accumulator	010bd4b	README.md	p76
jakplugg/utidesII	e754653	readme.md	p374
jeanpri/303	6879ae9	production files/panel 303 v2/README.md	p258
jhbruhn/eurorack	d4049e2	README.md	p499,p500,p501,p502,p503,p504
johannesstrueber/dots	aee3df5	README.md	p375
joranvg/test-3	0db5883	README.md	p36
jortigoso/output_1	c8fafe8	README.md	p259
josbouten/Fold-O-Matic	d09b6c3	README.md	p260
josbouten/Ratchet-O-Matic	b74a42c	README.md	p261
josbouten/Stomp-Box-Adapt-O-Matic	667fc48	README.md	p262
jsenzel1/supra	5785cdc	README.md	p376
kevinkewang/tiny_rack	2dca6e1	README.md	p71,p72
kevinkewang/tiny_rack	2dca6e1	v1/README.md	p71
kraakenstuff/ADSR	983740d	README.md	p263
kraakenstuff/PSU	1314b0e	README.md	p264
kraakenstuff/PSU-1.5A	d0b7349	README.md	p265
kraakenstuff/Skis	5cf0ea7	README.md	p266
kstammits/crimps	765b16f	Jinx/README.md	p02
kweiwen/benjolin	ae2f098	README.md	p268
kweiwen/thinks	2dc135a	README.md	p08
lipsumar/just-between-us	c70ccb9	README.md	p269
little-scale/eurorack	1d7bfce	4000-series/readme.MD	p891,p892,p893,p894
little-scale/eurorack	1d7bfce	README.md	p505,p506,p507,p508,p509,p891,p892,p893,p894
little-scale/eurorack	1d7bfce	USB_MIDI_12_gate_16_cv_interface/readme.MD	p505
little-scale/eurorack	1d7bfce	USB_MIDI_Host/README.md	p506
little-scale/eurorack	1d7bfce	chromatic_drum_gate_sync/README.md	p507
little-scale/eurorack	1d7bfce	exo_sequencer/README.md	p508
little-scale/eurorack	1d7bfce	quad_probability_gate/README.md	p509
loglow/uBraids_SE	81142ee	README.md	p270
loglow/uClouds_SE	dcee648	README.md	p271
loglow/uPlaits_SE	d012dfa	README.md	p272
loglow/uRings_SE	e756c40	README.md	p273
loglow/uo_C_SE	d0a410c	README.md	p274
ltrooney/diy-synth	f4e2ea3	README.md	p68,p69,p70
m0xpd/STRACHEY	2157c4a	Controller/Code/README.md	p275
m0xpd/STRACHEY	2157c4a	Controller/README.md	p275
m0xpd/STRACHEY	2157c4a	Hardware/Control/README.md	p275
m0xpd/STRACHEY	2157c4a	Hardware/Graphics/README.txt	p275
m0xpd/STRACHEY	2157c4a	Hardware/Main/ReadMe.md	p275
m0xpd/STRACHEY	2157c4a	Hardware/Panel/README.md	p275
m0xpd/STRACHEY	2157c4a	Hardware/README.md	p275
m0xpd/STRACHEY	2157c4a	README.md	p275
maasijam/MONOFA	b645fdf	MF-X1/Gerber/README.md	p377
maasijam/MONOFA	b645fdf	MF-X1/README.md	p377
maasijam/MONOFA	b645fdf	MF-X2/Gerbers/README.md	p378
maasijam/MONOFA	b645fdf	MF-X2/Readme.md	p378
maasijam/MONOFA	b645fdf	MONOFA/Gerber/README.md	p379
maasijam/MONOFA	b645fdf	MONOFA/Readme.md	p379
maasijam/MONOFA	b645fdf	README.md	p377,p378,p379
mattb/teensy-cv	d44b094	README.md	p277
matthewcieplak/super-sixteen	6bc18d8	README.md	p510,p511
mesotokyo/cheap-power-board	2cbfa60	README.md	p278
microresearch/ERD	4693d4f	README.md	p899,p946
microresearch/WORM	1e899db	README.md	p380,p381
microresearch/WORM	1e899db	src/english2phoneme/README	p380
microresearch/WORM	1e899db	src/rsynth-2.0-port/README	p380
microresearch/gamma	7be8f63	README.md	p279
microresearch/gamma	7be8f63	src/README.org	p279
minisystem/JOVE	b69e936	README.md	p280
moPsy-project/div	dda87cb	README.md	p282
mohoyt/2600ish_vcf	3546edf	README.md	p382
mohoyt/as3340_vco	6a99a37	README.md	p283
mohoyt/output_mixer	b710164	README.md	p383
monome/ansible-hardware	1492cb9	README.md	p13
monome/teletype-hardware	ec64d50	README.md	p284
motovilo/eurorack-diy	55d79de	README.md	p384,p385,p386,p387
motovilo/eurorack-diy	55d79de	dSPLIT/README.md	p384
motovilo/eurorack-diy	55d79de	zSUM-4/README.md	p387
musicdevghost/eurorack	46ea69c	README.md	p01
musicdevghost/eurorack	46ea69c	SU SU - POWER SUPPLY/README.md	p01
mxmxmx/3HP_dual_OA	f7d1377	Readme.md	p285
mxmxmx/CV2Midi	9f5422d	README.md	p286
mxmxmx/CV2Midi	9f5422d	hardware/README.md	p286
mxmxmx/terminal_tedium	d951dbf	README.md	p287
mxmxmx/terminal_tedium	d951dbf	hardware/ReadMe.md	p287
mysticcircuits/0HP_Modular	5db76ab	README.md	p512,p513,p514,p515,p516,p517
mysticcircuits/ANA2	281ea5b	README.md	p288
mysticcircuits/TREE	8aab52d	README.md	p289
mysticcircuits/Vert	4456436	README.md	p885
mzourack/QUAAD	23c1895	README.md	p290
mzuelch/CATs-Eurosynth	ee70506	Modules/HAGIWO/4Ch Sample Player/ReadMe.md	p657
mzuelch/CATs-Eurosynth	ee70506	Modules/HAGIWO/6Ch Trigger Sequencer/ReadMe.md	p658
mzuelch/CATs-Eurosynth	ee70506	Modules/HAGIWO/Arduino VCO/ReadMe.md	p866
mzuelch/CATs-Eurosynth	ee70506	Modules/HAGIWO/Display/ReadMe.md	p659
mzuelch/CATs-Eurosynth	ee70506	Modules/HAGIWO/Multiout/README.md	p867
mzuelch/CATs-Eurosynth	ee70506	Modules/HAGIWO/Sync LFO/ReadMe.md	p661
mzuelch/CATs-Eurosynth	ee70506	Modules/Haraldswerk/NGF-E LFO/README.md	p663
mzuelch/CATs-Eurosynth	ee70506	Modules/MFOS/Dual VCA #2/README.md	p664
mzuelch/CATs-Eurosynth	ee70506	Modules/MFOS/Eight Stage Phase Shifter/README.md	p665
mzuelch/CATs-Eurosynth	ee70506	Modules/Slim Line/Buffered Multiple/README.md	p667
mzuelch/CATs-Eurosynth	ee70506	Modules/Slim Line/Clock Divider/README.md	p669
mzuelch/CATs-Eurosynth	ee70506	Modules/Slim Line/Sample&Hold SMD/README.md	p674
mzuelch/CATs-Eurosynth	ee70506	Modules/Slim Line/Sample&Hold/README.md	p673
mzuelch/CATs-Eurosynth	ee70506	Modules/Slim Line/Single Attenuator/README.md	p675
mzuelch/CATs-Eurosynth	ee70506	Modules/Slim Line/VCA/README.md	p676
mzuelch/CATs-Eurosynth	ee70506	Modules/Slim Line/Voltage Controlled Switch/README.md	p677
mzuelch/CATs-Eurosynth	ee70506	Modules/Standard Line/4Ch Mixer/README.md	p678
mzuelch/CATs-Eurosynth	ee70506	Modules/Standard Line/Abakus/README.md	p949
mzuelch/CATs-Eurosynth	ee70506	Modules/Standard Line/Atari Punk Console/README.md	p679
mzuelch/CATs-Eurosynth	ee70506	Modules/Standard Line/Baby8 Sequencer/README.md	p680
mzuelch/CATs-Eurosynth	ee70506	Modules/Standard Line/Clock Divider/README.md	p682
mzuelch/CATs-Eurosynth	ee70506	Modules/Standard Line/Envelope Follower/README.md	p683
mzuelch/CATs-Eurosynth	ee70506	Modules/Standard Line/LFO/README.md	p684
mzuelch/CATs-Eurosynth	ee70506	Modules/Standard Line/Power Module/ReadMe.md	p686
mzuelch/CATs-Eurosynth	ee70506	Modules/Standard Line/Vactrol VCF/README.md	p687
mzuelch/CATs-Eurosynth	ee70506	Modules/YuSynth/Improved Steiner VCF/README.md	p868
mzuelch/CATs-Eurosynth	ee70506	README.md	p656,p657,p658,p659,p660,p661,p662,p663,p664,p665,p666,p667,p668,p669,p670,p671,p672,p673,p674,p675,p676,p677,p678,p679,p680,p681,p682,p683,p684,p685,p686,p687,p688,p866,p867,p868,p949
nanassound/eurorack-nanassound	da9c139	Mini/README.md	p889
nanassound/eurorack-nanassound	da9c139	README.md	p518,p519,p889
nanassound/eurorack-nanassound	da9c139	Rohkem/README.md	p518
nanassound/eurorack-nanassound	da9c139	Uksed/README.md	p519
naokiiwakami/analog2.0	e0cab1a	10_miniboard/README.md	p388
naokiiwakami/analog2.0	e0cab1a	README.md	p388,p389,p390,p391
naokiiwakami/analog2.0	e0cab1a	others/analog_sequencer/README.md	p389
naokiiwakami/analog2.0	e0cab1a	others/phase_shifter/README.md	p390
naokiiwakami/analog2.0	e0cab1a	others/resonator/README.md	p391
newdigate/teensy-eurorack	237c0e6	README.md	p27
newdigate/teensy-eurorack	237c0e6	hardware/README.md	p27
newdigate/teensy-eurorack	237c0e6	hardware/panel/README.md	p27
nickajeglin/Eurorack-pcbs	213f9f9	README.md	p520,p521,p522,p523,p524,p525,p526,p895,p896,p897
niektb/sluisbrinkie-eurorack-published	9a2c1f5	Andes/README.md	p843,p844,p845
niektb/sluisbrinkie-eurorack-published	9a2c1f5	Eurorack USB-C PD PSU/README.md	p527
niektb/sluisbrinkie-eurorack-published	9a2c1f5	Mutable Meta Module/README.md	p846
niektb/sluisbrinkie-eurorack-published	9a2c1f5	README.md	p527,p528,p529,p843,p844,p845,p846,p847,p848,p849,p850,p948,p1103,p1104
niektb/sluisbrinkie-eurorack-published	9a2c1f5	Sluisbrinkie Braun/README.md	p847
niektb/sluisbrinkie-eurorack-published	9a2c1f5	Sluisbrinkie Edison/README.md	p1103
niektb/sluisbrinkie-eurorack-published	9a2c1f5	Sluisbrinkie Herford/README.md	p528
niektb/sluisbrinkie-eurorack-published	9a2c1f5	Sluisbrinkie Kepler/README.md	p1104
niektb/sluisbrinkie-eurorack-published	9a2c1f5	Sluisbrinkie Kepler/Schematic PDF/README.md	p1104
niektb/sluisbrinkie-eurorack-published	9a2c1f5	Sluisbrinkie Kirchhoff/README.md	p529
niektb/sluisbrinkie-eurorack-published	9a2c1f5	Sluisbrinkie Toepler+/README.md	p850
oamodular/time-machine	6c6a962	README.md	p291
oamodular/uncertainty	aad43a5	README.md	p392,p393
odeliy/schema-cave	2285bbb	README.md	p126,p127,p128,p129,p130,p131,p132,p133,p134,p135,p136,p137,p138,p139,p140,p141,p142,p143,p144,p145,p146,p147,p148,p149,p150,p151,p152,p153,p154,p155,p156,p157,p158,p159,p160,p161,p162,p163,p164,p165,p166,p167,p168,p169,p170
pichenettes/eurorack	08460a6	README.md	p689,p690,p691,p692,p693,p694,p695,p696,p697,p698,p699,p700,p701,p702,p703,p704,p705,p706,p707,p708,p709,p710,p711,p712,p870,p871
pichenettes/eurorack	08460a6	braids/README.md	p691
pingdynasty/ClockDelay	e1b5204	readme.md	p292
pingdynasty/Mix	b6d1d23	README.md	p32,p33,p34,p35
pingdynasty/Tonic	7a47f4e	README.md	p293
pixiemars/GMSNPure	9cea1ff	README.md	p119,p120,p121,p122,p123,p124,p125
poetaster/HAGIWO_arduino_oscillator	1184278	README.md	p294
poetaster/candelabra	e867d22	README.md	p295
poetaster/noodle	c58d529	README.md	p06
poetaster/portcullis	a9730a5	README.md	p296
polykit/eurorack-psu	104b498	README.md	p297
polykit/pico-dco	651f92a	README.md	p298
polykit/vca-8	a05f6a1	README.md	p04
polykit/vco-1	794ec51	README.md	p299
promesoft/KicadJE_MoogVCF	4220db0	README.md	p1065,p1066,p1067
ramphands/Exits	e56ce6f	README.md	p300
ramphands/LinearPowerBoard	144fb14	README.md	p301
raphschwarz/Circuit-Abbey-G8-DIY-EDIT	dfa1006	README.md	p302
recursinging/kxmx_bluemchen	a18b647	README.md	p1095
reidevries/optofilter	4937208	README.md	p303
reidevries/shiitakevm	5dc61f9	README.md	p304
rheslip/2HPico-Eurorack-Module-Hardware	927ee35	2HPico DSP KiCad Design Files/Pico 2HP_Audio/JLCPCB Assembly files/Readme.md	p530
rheslip/2HPico-Eurorack-Module-Hardware	927ee35	2HPico DSP KiCad Design Files/Pico 2HP_Audio/Readme.md	p530
rheslip/2HPico-Eurorack-Module-Hardware	927ee35	2HPico KiCad design files/JLCPCB Assembly files/Readme.md	p531
rheslip/2HPico-Eurorack-Module-Hardware	927ee35	4HPico DSP KiCad design files/readme.md	p532
rheslip/2HPico-Eurorack-Module-Hardware	927ee35	4HPico KiCad design files/readme.md	p533
rheslip/2HPico-Eurorack-Module-Hardware	927ee35	README.md	p530,p531,p532,p533
rob-scape/daisy-seed-breakout-boards	3d35c5e	README.md	p1091,p1092
robgmsn/gmsn	9463974	pureModular/pureQuantiser/code/readme.md	p1090
robgmsn/gmsn	9463974	pureModular/pureQuantiser/readme.md	p1090
robgmsn/gmsn	9463974	readme.md	p932,p1090
scanner-darkly/two-one	f720600	README.md	p886
seismicindustries/IPS2	07097c1	README.md	p305
seismicindustries/spink0	c9bc71a	README.md	p395
shaduzlabs/pink-0	d7c80a3	README.md	p306
shannon-greenlight/Melper	c374e33	README.md	p307
shannon-greenlight/bonkulator	fcb46e7	README.md	p396,p875,p876
shannon-greenlight/bonkulator	fcb46e7	code/Bonkulator/libraries/Adafruit_ADS1X15/README.md	p396
shannon-greenlight/bonkulator	fcb46e7	code/Bonkulator/libraries/Adafruit_BusIO/README.md	p396
shannon-greenlight/bonkulator	fcb46e7	code/Bonkulator/libraries/Adafruit_FRAM_I2C/README.md	p396
shannon-greenlight/bonkulator	fcb46e7	code/Bonkulator/libraries/Adafruit_GFX/README.md	p396
shannon-greenlight/bonkulator	fcb46e7	code/Bonkulator/libraries/Adafruit_MCP23XXX/README.md	p396
shannon-greenlight/bonkulator	fcb46e7	code/Bonkulator/libraries/Adafruit_SSD1306/README.md	p396
shannon-greenlight/bonkulator	fcb46e7	code/Bonkulator/libraries/MBED_RPi_Pico_ISR_Timer/README.md	p396
shannon-greenlight/bonkulator	fcb46e7	code/Bonkulator/libraries/MCP3X21/README.md	p396
shannon-greenlight/bonkulator	fcb46e7	code/Bonkulator/libraries/WiFiNINA/README.adoc	p396
shannon-greenlight/bonkulator	fcb46e7	code/Bonkulator/libraries/readme.txt	p396
shannon-greenlight/bonkulator	fcb46e7	code/README.md	p396
shmoergh/moduleur	7f66dc9	README.md	p534,p535,p536,p537,p538,p539,p540,p541
shmoergh/moduleur	7f66dc9	accessories/README.md	p534
shmoergh/moduleur	7f66dc9	accessories/multiples-attenuator/README.md	p534
shmoergh/moduleur	7f66dc9	modules/01-psu/README.md	p535
shmoergh/moduleur	7f66dc9	modules/02-vco/README.md	p536
shmoergh/moduleur	7f66dc9	modules/03-sidechain-mixer/README.md	p537
shmoergh/moduleur	7f66dc9	modules/04-vcf/README.md	p538
shmoergh/moduleur	7f66dc9	modules/05-adsr-vca/README.md	p539
shmoergh/moduleur	7f66dc9	modules/06-utils-output/README.md	p540
shmoergh/moduleur	7f66dc9	modules/07-brain/README.md	p541
shmoergh/moduleur	7f66dc9	modules/README.md	p535,p536,p537,p538,p539,p540,p541
shorepine/tulipcc	96454f9	README.md	p912
shorepine/tulipcc	96454f9	docs/pcbs/amyboard/README.md	p912
sonocircuit/EXIST-RIP	acdda6e	README.md	p308
soundslikefrank/grow	eb78392	README.md	p309
spherical-sound-society/vortex-generator	6002493	README.MD	p28
spherical-sound-society/vortex-generator	6002493	source/readme.txt	p28
spherical-sound-society/vortex-generator	6002493	source/rev16TurringMachine/readme.txt	p28
spielhuus/elektrophon	caced54	src/4046/README.md	p47
spielhuus/elektrophon	caced54	src/echo/README.md	p53
spielhuus/elektrophon	caced54	src/resonanz/README.md	p110
squaresolid/benjolin_gorga	0c5f68c	README.md	p397
supersynthesis/eurorack	95bfdee	Production Modules/README.md	p713,p714,p715,p716,p717,p718,p858,p859,p860
supersynthesis/eurorack	95bfdee	README.md	p713,p714,p715,p716,p717,p718,p719,p720,p858,p859,p860,p861
supersynthesis/eurorack	95bfdee	Unreleased/README.md	p719,p720,p861
svgeesus/ondesModulaire	703bdc7	README.md	p398,p399,p400,p401
svgeesus/ondesModulaire	703bdc7	dual comparator/readme.md	p398
svgeesus/ondesModulaire	703bdc7	precision rectifier/readme.md	p400
svgeesus/ondesModulaire	703bdc7	transpositeurs/Readme.md	p401
terrabite3/BB8	0d2ce5d	README.md	p310
thismatters/EurorackClockDiv2	f8e5ebe	README.md	p311
thismatters/EurorackTuringMachine	a110418	README.md	p312
tkilla64/eurorack	d3fdcce	3340-vco/README.md	p721
tkilla64/eurorack	d3fdcce	909-clap/README.md	p722
tkilla64/eurorack	d3fdcce	909-cymbals/README.md	p723
tkilla64/eurorack	d3fdcce	909-hihat/README.md	p724
tkilla64/eurorack	d3fdcce	909-kick/README.md	p725
tkilla64/eurorack	d3fdcce	909-rimshot/README.md	p726
tkilla64/eurorack	d3fdcce	909-snare/README.md	p727
tkilla64/eurorack	d3fdcce	909-toms/README.md	p728
tkilla64/eurorack	d3fdcce	README.md	p721,p722,p723,p724,p725,p726,p727,p728,p729,p730,p731,p732,p733,p734,p735,p736,p737,p738,p739,p740,p741,p742
tkilla64/eurorack	d3fdcce	bassbuddy/README.md	p729
tkilla64/eurorack	d3fdcce	bassbuddy/build/README.md	p729
tkilla64/eurorack	d3fdcce	bmult/README.md	p730
tkilla64/eurorack	d3fdcce	bmult2/README.md	p731
tkilla64/eurorack	d3fdcce	busboard/README.md	p732
tkilla64/eurorack	d3fdcce	cvc/README.md	p733
tkilla64/eurorack	d3fdcce	diode-vcf/README.md	p734
tkilla64/eurorack	d3fdcce	dvca/README.md	p735
tkilla64/eurorack	d3fdcce	feitw/README.md	p736
tkilla64/eurorack	d3fdcce	long_busboard/README.md	p737
tkilla64/eurorack	d3fdcce	midi-sync/README.md	p738
tkilla64/eurorack	d3fdcce	pmult/README.md	p739
tkilla64/eurorack	d3fdcce	snh_noise/README.md	p740
tkilla64/eurorack	d3fdcce	umix/README.md	p741
tkilla64/eurorack	d3fdcce	vc-lfo/README.md	p742
todbot/TrinketTouringMachine	fe8122f	README.md	p900,p947
tpcarlson/synth-diy	6e7a119	3-phase-lfo/README.md	p743
tpcarlson/synth-diy	6e7a119	README.md	p743,p744,p745,p746,p747,p748,p749,p750,p751,p752,p753,p754,p755,p756,p757,p758,p759,p760,p761,p762,p763,p764,p879,p880
tpcarlson/synth-diy	6e7a119	VCA/README.md	p744
tpcarlson/synth-diy	6e7a119	VCDO/README.md	p745
tpcarlson/synth-diy	6e7a119	cornucopia/README.md	p879
tpcarlson/synth-diy	6e7a119	cyclic/README.md	p746
tpcarlson/synth-diy	6e7a119	d6/README.md	p747
tpcarlson/synth-diy	6e7a119	drumfiend/README.md	p748
tpcarlson/synth-diy	6e7a119	kinky-lynx/README.md	p749
tpcarlson/synth-diy	6e7a119	lattice/README.md	p880
tpcarlson/synth-diy	6e7a119	leaky-bucket/README.md	p750
tpcarlson/synth-diy	6e7a119	logic/README.md	p751
tpcarlson/synth-diy	6e7a119	lpg/README.md	p752
tpcarlson/synth-diy	6e7a119	mix/README.md	p753
tpcarlson/synth-diy	6e7a119	multimult/README.md	p754
tpcarlson/synth-diy	6e7a119	oak/README.md	p755
tpcarlson/synth-diy	6e7a119	oneshot/README.md	p756
tpcarlson/synth-diy	6e7a119	pentanoise/README.md	p757
tpcarlson/synth-diy	6e7a119	rowan/README.md	p758
tpcarlson/synth-diy	6e7a119	slew-limiter/README.md	p759
tpcarlson/synth-diy	6e7a119	sycamore/README.md	p760
tpcarlson/synth-diy	6e7a119	through/README.md	p761
tpcarlson/synth-diy	6e7a119	twoshot/README.md	p762
tpcarlson/synth-diy	6e7a119	vcadsr/README.md	p763
tpcarlson/synth-diy	6e7a119	yarmplus/README.md	p764
triglav-modular/208_Timbre_Workshop	48116a2	README.md	p313
vaeinoe/moraydular	1908e51	README.md	p402,p403,p404
vaeinoe/moraydular	1908e51	my_little_euro/README.md	p402
vaeinoe/moraydular	1908e51	powerbus/README.md	p403
vaeinoe/moraydular	1908e51	virta/README.md	p404
vonkonow/LEET-Modular	7ec0bc3	README.md	p405
vonkonow/LEET-Modular	7ec0bc3	accessories/README.md	p405
vonkonow/LEET-Modular	7ec0bc3	build_3dpcb/README.md	p405
vonkonow/LEET-Modular	7ec0bc3	code/README.md	p405
vonkonow/LEET-Modular	7ec0bc3	power/README.md	p405
vult-dsp/Vult-DIY-Resources	b0c7382	README.md	p773,p774,p775
westlicht/performer-hardware	da7d8f8	README.md	p314
whimsicalraps/RIP_DIY	9b03b72	README.md	p315
wntrblm/Castor_and_Pollux	652b28c	README.md	p11
wntrblm/Castor_and_Pollux	652b28c	user_guide/docs/index.md	p11
wntrblm/Helium	1cecf97	README.md	p406
wntrblm/Helium	1cecf97	user_guide/docs/index.md	p406
wntrblm/Neptune	ff04933	README.md	p407
wntrblm/Neptune	ff04933	user_guide/docs/index.md	p407
wntrblm/Sol	d5dfd10	README.md	p550
wntrblm/Speak_to_Me	65988dc	README.md	p408
wntrblm/Speak_to_Me	65988dc	user_guide/docs/index.md	p408
yorkmodular-cc/resonant-filters	b1f6755	README.md	p890,p1047
yorkmodular/C7H5NO3S	602d341	README.md	p316
yorkmodular/yavcf	988ec5a	README.md	p317
